id,ime,naslov,delovno_mesto,vrsta_zaposlitve
1,Nicholas Narducci,3259 Fuller Drive,Assistant Media Planner,vodovodar
2,Freeman Tirrey,6 Eastwood Park,Registered Nurse,recepcionist
3,Josefina Iskow,8 Johnson Point,GIS Technical Architect,recepcionist
4,Kaleena Rowena,66932 Duke Road,Web Designer III,cistilec
5,Kelci Hinckes,6 Chive Circle,Computer Systems Analyst IV,hisnik
6,Jacenta Blakeley,793 Manufacturers Pass,Financial Advisor,cistilec
7,Kristan Creelman,319 Sugar Drive,Staff Accountant IV,cistilec
8,Felicia Leband,44 Evergreen Drive,Operator,hisnik
9,Thoma Fraczek,2639 Valley Edge Junction,Structural Analysis Engineer,vodovodar
10,Wandie Iffe,3426 Badeau Court,Business Systems Development Analyst,recepcionist
11,Rahel Feld,80 Vera Alley,Food Chemist,recepcionist
12,Jayme Kendrick,37 Union Circle,Senior Developer,vodovodar
13,Florence Rattenberie,5 Morning Parkway,Pharmacist,recepcionist
14,Hagan Langer,1774 Lillian Hill,Quality Engineer,cistilec
15,Drud Gadault,1539 Monica Trail,Human Resources Manager,hisnik
16,Bella Fitzer,6026 Hallows Drive,Professor,vodovodar
17,Vanni Bull,8 Carioca Terrace,Budget/Accounting Analyst I,hisnik
18,Anissa Mathely,85 Sachs Junction,Research Nurse,recepcionist
19,Otho Smye,98524 Everett Plaza,Assistant Media Planner,cistilec
20,Sasha Bache,789 Petterle Park,Geological Engineer,recepcionist
21,Netti Bein,99674 Sycamore Place,Computer Systems Analyst II,vodovodar
22,Turner Maddern,41151 Briar Crest Place,Account Coordinator,recepcionist
23,Orton Matresse,4 Dapin Center,Account Coordinator,recepcionist
24,Gus Hornig,525 4th Place,Electrical Engineer,hisnik
25,Dayna Stait,66 Butterfield Park,Marketing Assistant,vodovodar
26,Harry Allden,2 Evergreen Avenue,Financial Analyst,cistilec
27,Pollyanna Danjoie,16121 Union Center,VP Sales,vodovodar
28,Courtnay Walklott,730 Kim Parkway,Mechanical Systems Engineer,vodovodar
29,Guthrie Colecrough,8 Bartelt Point,Operator,vodovodar
30,Deane Rogister,18 Meadow Ridge Avenue,Speech Pathologist,cistilec
31,Chickie Treacher,95802 Harper Avenue,General Manager,vodovodar
32,Staffard Shevill,5 Kingsford Road,Tax Accountant,cistilec
33,Urban Fernely,7 Cardinal Junction,VP Product Management,recepcionist
34,Constance Dollin,995 Sunnyside Drive,VP Marketing,hisnik
35,Russ Pettie,58211 Logan Center,Marketing Manager,cistilec
36,Guillemette Dewey,11726 Valley Edge Place,Staff Accountant III,recepcionist
37,Gonzalo Lydiatt,34964 Kedzie Court,Programmer I,recepcionist
38,Cobby McLewd,0139 Quincy Point,Computer Systems Analyst II,recepcionist
39,Correy McMonnies,1266 Nevada Court,Analog Circuit Design manager,hisnik
40,Paxton Dikles,0 Summer Ridge Drive,Recruiter,recepcionist
41,Marillin Jacqueminet,16363 Kennedy Point,Budget/Accounting Analyst II,cistilec
42,Gill Rallinshaw,8764 6th Hill,Computer Systems Analyst III,cistilec
43,Dougie McDiarmid,151 Dapin Circle,GIS Technical Architect,hisnik
44,Daniele Pinkney,14 Northland Pass,Information Systems Manager,hisnik
45,Jami Dorrian,49091 Lighthouse Bay Crossing,Tax Accountant,vodovodar
46,Elisa Sea,30695 Kipling Avenue,Administrative Officer,vodovodar
47,Hal Shawl,85185 Granby Lane,Technical Writer,recepcionist
48,Joleen Cuncliffe,5818 Petterle Terrace,VP Quality Control,recepcionist
49,Isac Stuther,96 Melrose Parkway,Web Designer III,hisnik
50,Von Carlson,32 Blackbird Drive,Administrative Assistant I,hisnik
51,Rene Gommowe,8630 Forster Place,Community Outreach Specialist,recepcionist
52,Vivianna Blaksland,34681 Bultman Crossing,Senior Financial Analyst,vodovodar
53,Lon Locock,933 Ruskin Pass,Help Desk Operator,cistilec
54,Candice Machel,13671 Johnson Trail,Editor,vodovodar
55,Jacqueline Bicker,17 Transport Plaza,GIS Technical Architect,cistilec
56,Hardy Melody,11 Blaine Drive,Assistant Media Planner,hisnik
57,Mikel Mansuer,6 Old Gate Way,Developer IV,cistilec
58,Uriah Grice,6695 Kipling Trail,Media Manager III,vodovodar
59,Mignon Winspire,00 Washington Circle,Civil Engineer,cistilec
60,Naomi Yoselevitch,31 Vidon Court,Clinical Specialist,recepcionist
61,Sherlock Salvage,9340 Lerdahl Park,Help Desk Operator,vodovodar
62,Simonette Ragbourne,72888 Summerview Junction,Marketing Assistant,hisnik
63,Therese Skaife d'Ingerthorpe,7541 Schurz Lane,Administrative Officer,recepcionist
64,Adah Stripp,36 Stone Corner Drive,Nurse,recepcionist
65,Aloise Quesne,698 Rieder Drive,Account Representative IV,hisnik
66,Jocko Paskerful,673 Anniversary Circle,Nuclear Power Engineer,recepcionist
67,Oswell Marlow,499 Hanson Drive,Director of Sales,vodovodar
68,Juana Tichelaar,71453 4th Drive,Design Engineer,cistilec
69,Roseanna Mayling,4 Mcguire Circle,VP Quality Control,cistilec
70,Batsheva Gonnard,1 Boyd Point,Geologist I,recepcionist
71,Sherm Northcott,008 Hazelcrest Crossing,Administrative Assistant I,vodovodar
72,Tierney Tippell,70 Fremont Park,Senior Financial Analyst,hisnik
73,Quintilla Alabaster,463 Elmside Pass,Professor,recepcionist
74,Silva MacMarcuis,25278 Brickson Park Circle,Junior Executive,recepcionist
75,Lilias Muff,04884 Marcy Point,Research Nurse,recepcionist
76,Rheba Olwen,5270 Summit Hill,Help Desk Operator,hisnik
77,Jacklyn Ianitti,102 Rigney Center,Staff Accountant II,recepcionist
78,Emogene Blundel,9578 Quincy Parkway,Product Engineer,recepcionist
79,Wadsworth Copins,58 Brentwood Drive,Design Engineer,recepcionist
80,Kathryne Cowans,60593 Warrior Point,Systems Administrator III,recepcionist
81,Brittney Enocksson,5 Manley Hill,Account Executive,cistilec
82,Lane Lavery,047 Kennedy Road,Analyst Programmer,hisnik
83,Rakel Petruska,336 Packers Pass,Structural Analysis Engineer,hisnik
84,Sherry MacTrustie,447 Talisman Park,Chemical Engineer,hisnik
85,Bertrand Moriarty,095 Susan Pass,Account Executive,cistilec
86,Charleen Byrom,4855 Di Loreto Trail,Desktop Support Technician,vodovodar
87,Catie Baines,80781 4th Trail,Structural Analysis Engineer,recepcionist
88,Patricio MacCurley,355 Scofield Hill,Product Engineer,vodovodar
89,Shelby Vowell,13 Sloan Junction,Electrical Engineer,vodovodar
90,Eugenius Lukacs,768 Brickson Park Hill,Legal Assistant,hisnik
91,Gordie Drains,70600 Longview Junction,GIS Technical Architect,cistilec
92,Bonita Desvignes,222 Maple Wood Lane,Staff Scientist,hisnik
93,Allyce Carreck,86 Village Green Drive,Accountant IV,hisnik
94,Hamilton Matterdace,299 Elmside Junction,Chief Design Engineer,cistilec
95,Gleda Fosten,4567 Vahlen Avenue,Speech Pathologist,recepcionist
96,Madeleine Sidaway,1958 Westridge Road,Accounting Assistant II,cistilec
97,Kristoforo Eldon,926 Brown Junction,Social Worker,recepcionist
98,Vinni Leades,04159 Ruskin Court,Programmer II,vodovodar
99,Tibold Geeves,488 Fair Oaks Junction,Senior Editor,hisnik
100,Karolina Ogger,51041 Waywood Street,Associate Professor,recepcionist
101,Jobina Wingatt,79 Westend Park,Web Developer III,recepcionist
102,Marlow Towhey,989 Weeping Birch Avenue,Data Coordiator,cistilec
103,Burty Nazaret,69 Mayer Avenue,Marketing Assistant,hisnik
104,Allx Fensome,47033 Melrose Way,Marketing Manager,vodovodar
105,Cobby Castard,98057 Glendale Terrace,Occupational Therapist,recepcionist
106,Brittani Royle,8366 Havey Court,Quality Control Specialist,recepcionist
107,Curcio Lansdale,737 Green Place,Web Developer III,cistilec
108,Perl McLinden,3161 Schlimgen Crossing,Compensation Analyst,vodovodar
109,Roderigo Kayser,90 Talmadge Plaza,Payment Adjustment Coordinator,vodovodar
110,Mavis Killeley,780 Transport Place,Accounting Assistant III,vodovodar
111,Melvin Josephs,5 Florence Avenue,Environmental Tech,recepcionist
112,Noland Pudding,95 Corry Trail,Quality Engineer,recepcionist
113,Candy Rubenovic,238 Carey Terrace,Business Systems Development Analyst,recepcionist
114,Selene Yurlov,9 Mendota Pass,Office Assistant III,cistilec
115,Lay Dericut,70 Vera Park,Senior Sales Associate,recepcionist
116,Joletta Hartfield,2328 Moose Junction,Professor,vodovodar
117,Meredithe Stannion,26842 Starling Point,General Manager,cistilec
118,Rupert Roan,4 Commercial Way,Speech Pathologist,cistilec
119,Hirsch Batchley,7205 Killdeer Lane,Environmental Tech,vodovodar
120,Orsola Brenneke,807 Lighthouse Bay Hill,Accounting Assistant IV,recepcionist
121,Smitty MacDonagh,4857 Holy Cross Drive,Account Executive,recepcionist
122,Margarete Tunnah,1 Melody Hill,Food Chemist,cistilec
123,Davina Haggeth,81 Katie Drive,Environmental Specialist,hisnik
124,Lesley Joseph,7773 Welch Crossing,Executive Secretary,recepcionist
125,Wilton Stobbie,35 Hagan Alley,Civil Engineer,cistilec
126,Bil Fone,91830 Knutson Terrace,Systems Administrator III,vodovodar
127,Kristel Ivers,56 Grim Hill,Internal Auditor,vodovodar
128,Kara Tall,25 Upham Pass,Biostatistician III,vodovodar
129,Dina Hakeworth,324 Buhler Court,Marketing Assistant,recepcionist
130,Tisha Diperaus,764 Hooker Circle,Electrical Engineer,vodovodar
131,Kearney Purslow,0 Onsgard Terrace,Physical Therapy Assistant,recepcionist
132,Glenn Schops,74 Oak Valley Trail,Registered Nurse,vodovodar
133,Lauree Kleinert,36061 Ridgeview Center,Human Resources Manager,cistilec
134,Hakeem Ousbie,0278 Mendota Center,Nurse Practicioner,hisnik
135,Helge Kordovani,643 Meadow Vale Trail,Senior Quality Engineer,recepcionist
136,Kerr Nucci,0 Scott Point,Quality Engineer,recepcionist
137,Elicia Orbon,8874 Green Ridge Road,Office Assistant I,vodovodar
138,Shana Wingeat,27934 Debs Street,Programmer IV,cistilec
139,Wallie Spinozzi,2151 Sutteridge Lane,General Manager,recepcionist
140,Bartolemo Jukes,3322 Dryden Hill,Project Manager,cistilec
141,Ken Kinset,5215 Dayton Crossing,VP Product Management,hisnik
142,Karl Catcheside,686 Service Crossing,Sales Representative,hisnik
143,Scottie Fraczek,8023 Ridgeway Road,Civil Engineer,recepcionist
144,Netti Martinot,9 Arkansas Pass,Analyst Programmer,cistilec
145,Robinetta Vieyra,718 Garrison Street,Data Coordiator,recepcionist
146,Karry Dmitriev,829 Schlimgen Road,Internal Auditor,hisnik
147,Weidar Killingbeck,5999 Kingsford Plaza,Research Associate,hisnik
148,Jennie Tottem,85499 Weeping Birch Avenue,Environmental Tech,vodovodar
149,Hiram Maciejak,40 Spohn Junction,Nurse,hisnik
150,Pietro Allwell,83014 Bluejay Drive,VP Product Management,vodovodar
151,Alonzo Skelding,7 Trailsway Trail,Clinical Specialist,recepcionist
152,Giralda Synke,5124 Marquette Trail,Software Engineer IV,vodovodar
153,Adara Strephan,93 Manley Circle,Computer Systems Analyst II,hisnik
154,Bessy Tadgell,6814 Mccormick Pass,Business Systems Development Analyst,hisnik
155,Vanna Incogna,7814 Garrison Center,Engineer II,hisnik
156,Mollie Duffy,2 Packers Place,Physical Therapy Assistant,hisnik
157,Darci Edison,18 Gulseth Center,Teacher,hisnik
158,Marrissa Grinval,0 Spenser Place,Web Designer IV,recepcionist
159,Graeme McAlpin,20 Quincy Circle,Systems Administrator III,cistilec
160,Una Lissandre,091 Barby Center,VP Product Management,cistilec
161,Jolynn Verdy,0 Lukken Place,Environmental Specialist,hisnik
162,Chic Aven,9 Homewood Court,Geological Engineer,recepcionist
163,Thomasin Gatrell,8 Lerdahl Terrace,Electrical Engineer,vodovodar
164,Dulcia Buret,81 Prairie Rose Junction,Tax Accountant,cistilec
165,Karly Whooley,94191 Delladonna Alley,Teacher,hisnik
166,Lonnie Skillings,86 Grayhawk Court,Director of Sales,recepcionist
167,Ros Capey,016 Golf Drive,Programmer Analyst II,vodovodar
168,Miles Polendine,91 Cody Alley,Environmental Tech,recepcionist
169,Elwyn Dries,50352 Stang Hill,Information Systems Manager,cistilec
170,Sebastiano Aleksahkin,4 4th Circle,Analyst Programmer,vodovodar
171,Roseanna Beernaert,7 Waywood Street,VP Sales,cistilec
172,Catharine Gemelli,9266 Monica Court,Administrative Officer,cistilec
173,Dorey Rimington,7656 Tony Hill,Assistant Manager,cistilec
174,Cathy Coneybeare,74125 Arrowood Terrace,Human Resources Assistant IV,hisnik
175,Renae Meale,28667 Arkansas Point,Design Engineer,vodovodar
176,Baryram Woodyeare,576 Jana Alley,Statistician II,cistilec
177,Bria Haugh,3766 Elka Lane,Graphic Designer,hisnik
178,Shena Halsworth,8 Sommers Center,Engineer IV,vodovodar
179,Devlen Matura,1691 David Street,Research Associate,hisnik
180,Omar Kenvin,1 Clarendon Way,Associate Professor,cistilec
181,Maire Horrigan,32 Claremont Hill,Sales Representative,vodovodar
182,Mozelle Hitcham,1 Huxley Pass,Marketing Manager,cistilec
183,Melva Pinnegar,9 Scoville Center,Administrative Assistant I,recepcionist
184,Ania Denver,1 Artisan Park,Research Associate,recepcionist
185,Jeanne Adolthine,8919 Northland Place,Data Coordiator,hisnik
186,Stormy Meaddowcroft,64792 Shopko Parkway,Geological Engineer,vodovodar
187,Lanita Doubrava,8 Golden Leaf Parkway,GIS Technical Architect,recepcionist
188,Granville Mustill,30 Golf View Road,Administrative Officer,vodovodar
189,Bobbette Cancellario,359 Portage Drive,Senior Developer,vodovodar
190,Mignon Duley,94568 Portage Junction,VP Accounting,cistilec
191,Aldus Lamden,23 Acker Court,Internal Auditor,hisnik
192,Norma Shankland,47 Dapin Way,Internal Auditor,cistilec
193,Bryan Maly,1460 Springs Park,Media Manager I,hisnik
194,Tynan Gerb,4 Ryan Trail,Payment Adjustment Coordinator,cistilec
195,Woodie Fernier,1 Sage Pass,Dental Hygienist,recepcionist
196,Hayes Radnage,005 Dahle Pass,Recruiting Manager,hisnik
197,Rutger Collyear,85 Continental Plaza,Actuary,hisnik
198,Dylan Blakelock,0691 Kennedy Drive,Physical Therapy Assistant,recepcionist
199,Wenonah Lidden,4306 Dayton Circle,Structural Engineer,recepcionist
200,Hershel Rodman,7858 Memorial Plaza,Research Associate,hisnik
201,Clotilda Marc,554 Lakeland Way,Analog Circuit Design manager,cistilec
202,Mellicent Chmiel,6989 Twin Pines Court,Computer Systems Analyst I,hisnik
203,Norris Clubley,9 Pawling Point,Environmental Specialist,vodovodar
204,Kellie Nanson,23557 Warner Place,Media Manager I,hisnik
205,Woodman Bereford,52972 Oneill Center,Geological Engineer,cistilec
206,Sena Whitelaw,49 International Crossing,Research Assistant IV,vodovodar
207,Mabel Boyett,6326 Bayside Circle,Editor,hisnik
208,Benedicta Spurrior,0999 Waywood Circle,Environmental Specialist,recepcionist
209,Rogerio Geoghegan,10 Bayside Alley,Programmer IV,recepcionist
210,Allx Churchlow,028 Graedel Place,Human Resources Assistant I,hisnik
211,Avrom Brunelli,4 Northwestern Center,Electrical Engineer,hisnik
212,Alfy Brenneke,853 Memorial Center,Help Desk Operator,hisnik
213,Clerc Sterzaker,14 Ohio Trail,Computer Systems Analyst I,cistilec
214,Halimeda Favill,66 Sauthoff Parkway,Human Resources Manager,cistilec
215,Berrie Snepp,76 Farragut Alley,Speech Pathologist,vodovodar
216,Gabie Impson,14337 Pawling Drive,Editor,hisnik
217,Burr Cannon,3 Trailsway Point,Geological Engineer,cistilec
218,Devonne Radin,643 Golf Course Place,Automation Specialist I,hisnik
219,Danella Wisson,9 Stoughton Center,VP Product Management,vodovodar
220,Karl Kettlesing,42 Lakeland Trail,Occupational Therapist,hisnik
221,Frans Shenton,32945 Clarendon Drive,Senior Financial Analyst,vodovodar
222,Aeriell Bettinson,63 Aberg Place,Recruiting Manager,hisnik
223,Wolf Hollows,7873 Lillian Court,Accountant IV,recepcionist
224,Balduin Fairlem,26 Lillian Park,Community Outreach Specialist,hisnik
225,Simmonds Muggleston,04565 Melvin Park,Programmer II,vodovodar
226,Cordie Lamlin,973 Oriole Way,Nurse,recepcionist
227,Ronda Brabben,04 Union Crossing,Legal Assistant,recepcionist
228,Vicky Leif,4 Oriole Place,Budget/Accounting Analyst III,hisnik
229,Olenka Gronav,45251 Hintze Lane,VP Marketing,cistilec
230,Danika Ridgewell,4 Thierer Pass,Assistant Professor,cistilec
231,Ruddy Ousley,84866 Messerschmidt Street,VP Accounting,recepcionist
232,Melessa Giacoppo,24 Michigan Parkway,VP Sales,recepcionist
233,Constance Abley,5 Westerfield Center,Staff Accountant I,cistilec
234,Dulci Todeo,26131 Maryland Road,VP Marketing,cistilec
235,Andee Davies,4321 Summerview Trail,Statistician II,vodovodar
236,Xenos MacGinney,79 Anniversary Point,Engineer III,hisnik
237,Bud Balentyne,13601 Vahlen Hill,Engineer IV,hisnik
238,Janey McCulloch,98 Dakota Way,Senior Quality Engineer,cistilec
239,Ronald Peacop,73 Clemons Park,Account Representative III,recepcionist
240,Alysa Worlidge,86 Ridgeview Circle,Paralegal,vodovodar
241,Serene Corsor,0500 Kipling Circle,Recruiter,recepcionist
242,Emmie Whatford,2380 Charing Cross Pass,Safety Technician II,recepcionist
243,Cindra Bennoe,9 Hoepker Lane,Food Chemist,recepcionist
244,Libbie Grigson,37688 Becker Center,VP Quality Control,vodovodar
245,Allan Mellon,34 Shoshone Circle,Senior Financial Analyst,vodovodar
246,Akim Mushart,1881 Oak Road,Software Test Engineer IV,hisnik
247,Marcos Benedite,5298 Division Circle,Speech Pathologist,hisnik
248,Karlen Hext,750 Pawling Alley,Librarian,cistilec
249,Dael Kryzhov,80230 Pennsylvania Terrace,Automation Specialist III,hisnik
250,Christiane Klaussen,7 Lawn Plaza,Accountant I,recepcionist
251,Hadria Marcussen,297 North Crossing,Account Coordinator,hisnik
252,Dania Batter,4 Del Mar Road,Computer Systems Analyst II,hisnik
253,Angela Strand,80633 Hudson Alley,Office Assistant IV,hisnik
254,Berny Huson,248 Melby Alley,Social Worker,vodovodar
255,Korey Chaperling,5 Amoth Circle,Senior Financial Analyst,hisnik
256,Gusty Bickford,7 Rutledge Center,Automation Specialist I,cistilec
257,Rheba Laneham,56 American Ash Place,Occupational Therapist,cistilec
258,Malory Thebeau,153 Blaine Pass,Paralegal,hisnik
259,Nerta Matthis,84773 Spohn Circle,Nurse,cistilec
260,Murray Leteurtre,38 Kim Point,Biostatistician IV,vodovodar
261,Shelia Casella,08574 Sutteridge Circle,Senior Developer,vodovodar
262,Kale Fuke,64119 Karstens Plaza,Account Coordinator,cistilec
263,Iver Audritt,70 East Circle,Media Manager III,cistilec
264,Octavia Teggart,43485 Melody Plaza,Accounting Assistant II,hisnik
265,Kendrick Vannar,3963 Prentice Lane,Professor,hisnik
266,Joshia Hubery,3033 Cottonwood Plaza,Recruiter,cistilec
267,Darren Hollyland,117 Ruskin Way,Paralegal,vodovodar
268,Katharine Longridge,0 Valley Edge Circle,Health Coach III,hisnik
269,Valma Weatherley,8543 Oak Valley Lane,Programmer IV,cistilec
270,Saloma Richly,079 Paget Way,Data Coordiator,recepcionist
271,Jolyn Dimitriev,7 Thompson Parkway,VP Accounting,recepcionist
272,Luise Falla,095 Utah Point,Chief Design Engineer,hisnik
273,Newton Vizard,8 Village Green Parkway,Human Resources Manager,vodovodar
274,Chelsie Jecks,503 Sunnyside Pass,Nuclear Power Engineer,hisnik
275,Blondelle Lewinton,58 Elgar Point,Community Outreach Specialist,cistilec
276,Gene Behnecken,8 4th Circle,Speech Pathologist,vodovodar
277,Marcelia Andreu,8137 Johnson Terrace,Product Engineer,recepcionist
278,Laney Courage,8162 Tony Avenue,Software Test Engineer I,recepcionist
279,Kip Reyner,3243 Weeping Birch Center,Staff Accountant I,recepcionist
280,Marcelle Bolens,565 Monica Point,Paralegal,vodovodar
281,Dewitt Swainston,338 Waywood Center,Biostatistician II,recepcionist
282,Marylee Taggert,76 Lillian Avenue,Nurse,vodovodar
283,Demetrius Issac,25 Novick Road,Software Consultant,hisnik
284,Catlee Deaves,0 Onsgard Park,Chemical Engineer,cistilec
285,Bourke Alderson,98 Dovetail Lane,Chief Design Engineer,vodovodar
286,Rebekah Van Zon,30 Crownhardt Crossing,Information Systems Manager,recepcionist
287,Connie Geddis,00 Jana Court,Mechanical Systems Engineer,recepcionist
288,Clerc Spavins,1567 Raven Pass,Actuary,vodovodar
289,Tobe Harrod,842 Spohn Plaza,Paralegal,hisnik
290,Guillaume Gras,164 Green Drive,Associate Professor,hisnik
291,Ellerey Rodenhurst,76 Grim Street,Civil Engineer,recepcionist
292,Amandy Girvan,8228 Reinke Crossing,Systems Administrator IV,recepcionist
293,Andres Kinvan,7615 Carpenter Junction,Accounting Assistant I,recepcionist
294,Ainslee Ranyelld,0 Park Meadow Plaza,Research Associate,recepcionist
295,Riane Aberdein,269 Helena Avenue,Social Worker,hisnik
296,Russ Muggach,275 Little Fleur Park,Safety Technician I,recepcionist
297,Isahella Brigstock,67148 Sullivan Lane,Marketing Manager,cistilec
298,Pen Yakovl,2057 Summer Ridge Crossing,GIS Technical Architect,vodovodar
299,Clerissa Piolli,8614 Kings Parkway,Civil Engineer,hisnik
300,Fabe Ralls,9 Michigan Hill,Assistant Manager,recepcionist
301,Arline Flather,541 Grayhawk Place,Engineer IV,cistilec
302,Rickard Olver,6 Saint Paul Terrace,Human Resources Manager,cistilec
303,Edy Pantecost,98875 Onsgard Way,Civil Engineer,vodovodar
304,Valina Scrowton,6042 Pawling Hill,Software Consultant,recepcionist
305,Currie Lacer,183 5th Crossing,Sales Associate,hisnik
306,Kenton Pendlebery,5358 Bashford Pass,Help Desk Operator,cistilec
307,Max Baumert,99299 Hanover Alley,Payment Adjustment Coordinator,recepcionist
308,Major Botten,85 Barnett Parkway,Payment Adjustment Coordinator,hisnik
309,Timothy McSharry,0 Loeprich Trail,Operator,cistilec
310,Danya Quarlis,0 Norway Maple Trail,Administrative Officer,cistilec
311,Thedrick Bowell,5 2nd Crossing,Analog Circuit Design manager,cistilec
312,Shandy Tonnesen,57 Talmadge Street,Structural Analysis Engineer,recepcionist
313,Tamiko Mucklo,5460 Graceland Court,Payment Adjustment Coordinator,hisnik
314,Tommy Gubbins,04 Crowley Circle,Sales Associate,hisnik
315,Melody Jeffels,893 Surrey Pass,Programmer II,vodovodar
316,Gun Kinnaird,2 Lien Junction,Software Consultant,recepcionist
317,Nonnah Conwell,2796 Elmside Hill,Chief Design Engineer,cistilec
318,Adriane Krolak,26 Gerald Pass,Developer II,vodovodar
319,Blinnie Tarpey,546 Fulton Road,Environmental Tech,hisnik
320,Ardelia Silverman,519 Service Avenue,VP Accounting,recepcionist
321,Fifine Brewster,110 Moland Alley,Web Designer II,hisnik
322,Caren Hofler,2 Dottie Trail,Tax Accountant,hisnik
323,Greggory Bastock,11237 Everett Circle,Account Coordinator,recepcionist
324,Caesar Wozencraft,44 Meadow Valley Trail,Chief Design Engineer,hisnik
325,Noel Satford,7518 Vera Court,Marketing Assistant,recepcionist
326,Gracia Tomaskunas,2819 Mallory Pass,Recruiter,cistilec
327,Ryun Bellsham,76118 Dorton Parkway,Administrative Officer,hisnik
328,Bonnee Jerams,7381 Katie Place,Office Assistant IV,vodovodar
329,Teodor O'Loughlin,233 Ohio Lane,Operator,recepcionist
330,Farly Fabler,5471 Almo Terrace,Human Resources Assistant III,cistilec
331,Nonie Castiglioni,888 Cambridge Park,Structural Analysis Engineer,hisnik
332,Pall Gilstin,191 Division Point,Operator,vodovodar
333,Sigmund Melwall,0837 Haas Pass,Electrical Engineer,vodovodar
334,Philis Barthod,7 Sherman Avenue,GIS Technical Architect,vodovodar
335,Teodor Billie,50954 Annamark Crossing,Safety Technician III,vodovodar
336,Lindi Cuvley,493 Carey Street,Mechanical Systems Engineer,vodovodar
337,Brigham Apps,8 Service Alley,Sales Representative,cistilec
338,Grannie Bemment,1711 Sachs Center,Senior Quality Engineer,recepcionist
339,Zak Hacaud,9200 Waxwing Point,Actuary,cistilec
340,Briana Dabels,3818 Blackbird Crossing,Director of Sales,vodovodar
341,Albertine Georgiev,93 Welch Plaza,Occupational Therapist,vodovodar
342,Liane Espin,45182 Oxford Way,Geological Engineer,hisnik
343,Ray Van Niekerk,7 Goodland Park,Pharmacist,recepcionist
344,Averyl Deely,2 Stephen Avenue,Help Desk Operator,vodovodar
345,Pavla McGloin,06194 Corscot Plaza,Account Representative II,vodovodar
346,Arly Lukianovich,2649 Dakota Park,Engineer I,hisnik
347,Michaelina Preator,597 Talisman Junction,Operator,vodovodar
348,Barri Dunlea,88 Mariners Cove Court,Engineer IV,vodovodar
349,Martynne Newman,98 Bunker Hill Pass,Budget/Accounting Analyst I,vodovodar
350,Jerrome Matitiaho,4429 Ruskin Circle,Research Nurse,recepcionist
351,Liv Beaulieu,15890 Northland Street,Environmental Tech,hisnik
352,Dorelia Bruty,408 Fair Oaks Plaza,Quality Control Specialist,hisnik
353,Alec Wellwood,103 Debs Lane,Legal Assistant,cistilec
354,Nanon Bees,90 Northland Plaza,Statistician III,cistilec
355,Christoffer McCafferky,355 Lighthouse Bay Junction,Pharmacist,hisnik
356,Karisa Lindblad,30 Fairfield Parkway,Statistician III,hisnik
357,Carney Sneaker,12 Wayridge Court,Legal Assistant,hisnik
358,Orbadiah todor,896 Emmet Plaza,Director of Sales,recepcionist
359,Damon Inderwick,97811 Emmet Lane,Research Nurse,vodovodar
360,Clarita O'Corrigane,8029 Sage Place,Recruiter,hisnik
361,Bab Tures,95 Coolidge Street,Dental Hygienist,hisnik
362,Sigismundo Reese,4 Loeprich Hill,VP Product Management,recepcionist
363,Ame Tawn,3 Lotheville Pass,Human Resources Assistant I,vodovodar
364,Brandyn Jenks,587 Elmside Street,Senior Editor,cistilec
365,Delaney Eefting,87 Kim Crossing,Structural Analysis Engineer,hisnik
366,Hale Wightman,4 Randy Alley,Recruiter,hisnik
367,Kayne Heustace,98271 Spohn Point,Administrative Officer,recepcionist
368,Vachel Gawthrop,7 Cardinal Trail,Desktop Support Technician,recepcionist
369,Romona Singers,0 Crowley Road,Project Manager,cistilec
370,Hurleigh Penner,47 Kingsford Hill,Social Worker,hisnik
371,Missy Northleigh,9 Burrows Trail,Physical Therapy Assistant,hisnik
372,Carlyn Burnhill,59 Westerfield Park,Occupational Therapist,cistilec
373,Horten Fabbri,2 Superior Center,Staff Scientist,cistilec
374,Lonnie Maundrell,17516 Valley Edge Park,Biostatistician III,vodovodar
375,Dru Iowarch,9 Glacier Hill Point,Marketing Manager,cistilec
376,Arman Ryves,2019 Elka Hill,Payment Adjustment Coordinator,cistilec
377,Venita Ferns,3 Loeprich Place,VP Product Management,cistilec
378,Cassandre Drewson,62 Jenna Lane,Internal Auditor,hisnik
379,Neysa Geertsen,17 David Way,Programmer Analyst II,cistilec
380,Moyra Guisby,9737 Emmet Place,Community Outreach Specialist,recepcionist
381,Linda Pairpoint,649 Jana Lane,Administrative Assistant III,vodovodar
382,Cassi Pawlicki,0 Kedzie Lane,Account Executive,hisnik
383,Sada De Mars,081 Linden Road,Safety Technician I,cistilec
384,Burke Jeaycock,97 Hallows Circle,Human Resources Assistant III,vodovodar
385,Roobbie Van,06 Anzinger Way,Analyst Programmer,hisnik
386,Urson Wheildon,6806 Forest Parkway,Community Outreach Specialist,recepcionist
387,Antonia Cufley,167 Bashford Crossing,Programmer Analyst III,cistilec
388,Elle Stuck,1555 Ohio Plaza,Systems Administrator III,hisnik
389,Fidole Dunkersley,7023 Cherokee Park,Paralegal,hisnik
390,Zena Coddrington,093 Continental Drive,Graphic Designer,hisnik
391,Morey Moses,17 North Terrace,Professor,cistilec
392,Jsandye Passy,63278 Crest Line Road,Analog Circuit Design manager,recepcionist
393,Babara Scandrett,980 Sherman Pass,Biostatistician II,hisnik
394,Artur Rigby,7 Hovde Lane,Nurse,cistilec
395,Dario Wilne,93 Carey Circle,Cost Accountant,recepcionist
396,Eleanore Benner,6 Mayer Park,Help Desk Technician,hisnik
397,Baird Rumsey,571 Hauk Lane,Environmental Specialist,cistilec
398,Wilt Dombrell,40632 Mayfield Lane,Graphic Designer,vodovodar
399,Daisi Edmead,041 Cordelia Drive,Information Systems Manager,vodovodar
400,Webster Hatherleigh,818 Warbler Street,Account Representative II,vodovodar
401,Merline Brewitt,43 Russell Road,Technical Writer,cistilec
402,Hardy Beavors,94438 Carey Place,Chemical Engineer,cistilec
403,Batholomew Wither,9 Carberry Street,Dental Hygienist,recepcionist
404,Tanhya Janeway,017 Gulseth Court,Software Consultant,recepcionist
405,Harbert Bramham,9792 Ronald Regan Hill,Paralegal,vodovodar
406,Connie Gimber,73 School Place,Account Representative I,hisnik
407,Samara Truder,77 Melvin Circle,VP Quality Control,hisnik
408,Al De Wolfe,8 Holmberg Point,Professor,cistilec
409,Corliss Bartolijn,4962 Homewood Lane,Payment Adjustment Coordinator,cistilec
410,Seumas Misken,7662 Morning Avenue,Nurse Practicioner,vodovodar
411,Ortensia Brothwell,634 Jenna Point,Junior Executive,hisnik
412,Errick Boram,171 Burning Wood Parkway,Occupational Therapist,recepcionist
413,Warden Scyone,0 Prairie Rose Street,Nurse Practicioner,hisnik
414,Ira Maddox,4496 Sycamore Road,Financial Analyst,cistilec
415,Jill Acum,3 Havey Hill,Statistician III,hisnik
416,Lucky Noke,411 Victoria Hill,Actuary,vodovodar
417,Jazmin Hounsome,6 Autumn Leaf Point,Human Resources Manager,vodovodar
418,Way Rechert,70 Monument Junction,Mechanical Systems Engineer,cistilec
419,Sammy Chomley,510 Scofield Point,Graphic Designer,cistilec
420,Jasmina Bathersby,54881 Merchant Hill,Statistician IV,hisnik
421,Yoshi Perutto,5108 Ramsey Terrace,Office Assistant II,vodovodar
422,Tracy Thoumasson,10 Sherman Way,Information Systems Manager,recepcionist
423,Natka Jarlmann,22 Pawling Road,Recruiting Manager,recepcionist
424,Barret Rawlings,0266 Armistice Lane,Executive Secretary,recepcionist
425,Augusta Munnery,23005 Arrowood Lane,Financial Analyst,vodovodar
426,Vachel Cordrey,2975 Hintze Place,Assistant Media Planner,cistilec
427,Rooney Teal,76225 Towne Circle,Junior Executive,vodovodar
428,Jessica Ratray,54 Westend Crossing,Account Executive,cistilec
429,Micah Cohn,94 Merrick Avenue,Geological Engineer,hisnik
430,Fabien Sinnie,9 Florence Place,Information Systems Manager,vodovodar
431,Corny Jessard,71536 Stuart Place,Physical Therapy Assistant,hisnik
432,Jonie Kattenhorn,455 Meadow Vale Terrace,Account Executive,cistilec
433,Isa MacKilroe,9695 Eastlawn Circle,Teacher,recepcionist
434,Sadie Novelli,218 Wayridge Circle,Dental Hygienist,recepcionist
435,Damara Dieton,80 Northport Point,Recruiter,cistilec
436,Bambi O'Cannon,12787 Buhler Way,Programmer I,vodovodar
437,Laetitia Chelley,925 Comanche Alley,Media Manager II,vodovodar
438,Gunilla Pidon,3 Farwell Junction,Marketing Assistant,cistilec
439,Khalil Ondrus,2 David Way,Office Assistant IV,cistilec
440,Natividad Currall,79172 Coolidge Drive,Clinical Specialist,cistilec
441,Worthy Chesnut,6485 Kingsford Road,Senior Editor,hisnik
442,Jada Gemeau,82520 Florence Avenue,Librarian,recepcionist
443,Giselle Altree,26142 Warner Center,Human Resources Assistant IV,vodovodar
444,Guido Jopp,09 Vidon Junction,Nurse Practicioner,recepcionist
445,Darbie Madoc-Jones,48 Forest Dale Road,Accountant I,vodovodar
446,Rowland O'Carney,4 Towne Way,General Manager,hisnik
447,Stearn Roscher,9 Arkansas Junction,Civil Engineer,cistilec
448,Arielle Wellesley,92 Florence Alley,Quality Control Specialist,cistilec
449,Ariel Bettenson,80744 Saint Paul Hill,Chemical Engineer,recepcionist
450,Kermit Ruggiero,0 Maple Trail,Actuary,cistilec
451,Prissie O'Currane,2324 Ridge Oak Place,Account Executive,recepcionist
452,Foster Longhurst,9621 Buena Vista Junction,Staff Scientist,recepcionist
453,Chen Bambrick,2 Fair Oaks Junction,Financial Analyst,cistilec
454,Ber McKennan,276 Oak Pass,Food Chemist,cistilec
455,Lowell Rehorek,9 Mayer Trail,Staff Accountant II,vodovodar
456,Bertrando Lomaz,352 International Drive,Assistant Professor,recepcionist
457,Merwyn Downing,3827 Talmadge Pass,Marketing Assistant,vodovodar
458,Hamnet Pascoe,48970 Sutteridge Place,Assistant Media Planner,recepcionist
459,Merralee Fasson,7253 Rockefeller Junction,Compensation Analyst,vodovodar
460,Johannes Hallows,3908 High Crossing Lane,Web Designer II,hisnik
461,Tailor Garth,58 Sutherland Point,VP Quality Control,hisnik
462,Bettina Carrivick,324 Del Mar Street,Sales Representative,vodovodar
463,Lynnet Hatwells,88 Golf View Terrace,Paralegal,vodovodar
464,Amata Ohlsen,1313 Onsgard Plaza,Programmer Analyst III,hisnik
465,Augustina Breitling,2531 Fairfield Point,Senior Sales Associate,recepcionist
466,Francklyn Baroux,16170 Meadow Valley Junction,Recruiting Manager,hisnik
467,Karlis Rubinsohn,90707 Meadow Ridge Road,VP Quality Control,vodovodar
468,Bessy Ockendon,127 Lawn Terrace,Help Desk Technician,recepcionist
469,Costanza Jaggi,75440 Main Road,Human Resources Manager,hisnik
470,Rawley Cotgrave,748 Eastwood Pass,Software Consultant,recepcionist
471,Trixie Buckoke,44 Longview Alley,Quality Engineer,vodovodar
472,Inesita Kording,6 Sage Terrace,Editor,hisnik
473,Romola Karlicek,89379 Randy Court,Desktop Support Technician,recepcionist
474,Lazar Falshaw,901 Bowman Crossing,Senior Developer,cistilec
475,Herc Jeffcoat,3 Redwing Way,Safety Technician I,hisnik
476,Jaquelin Scurry,71557 Debs Lane,Analog Circuit Design manager,hisnik
477,Morgana Hallahan,44259 Kings Avenue,Health Coach III,hisnik
478,Stephi Elloway,9813 Hoard Place,Developer III,cistilec
479,Zia Zanutti,60449 Ridge Oak Way,Pharmacist,hisnik
480,Rozelle Benet,07140 Stuart Lane,Chemical Engineer,recepcionist
481,Hilliard Whatling,8817 Prentice Way,Product Engineer,hisnik
482,Ferrel Champain,9 Dovetail Trail,Nurse Practicioner,vodovodar
483,Dionysus Cornelis,57 Corry Point,Marketing Manager,hisnik
484,Bernadene Newnham,32 Kim Terrace,Business Systems Development Analyst,recepcionist
485,Lester Bawme,5692 Rowland Center,Analog Circuit Design manager,hisnik
486,Reena Cavan,062 Rowland Street,Environmental Tech,vodovodar
487,Kiley Hairyes,82 Thompson Street,Statistician IV,hisnik
488,Poppy Shatford,703 Westport Parkway,Staff Scientist,vodovodar
489,Lon Thatcher,38 Green Ridge Point,Product Engineer,cistilec
490,Bronnie Fish,4 Esker Point,VP Quality Control,vodovodar
491,Brit Belshaw,5 Hooker Pass,Environmental Tech,hisnik
492,Robina Urwin,24 Russell Plaza,Account Coordinator,cistilec
493,Frieda Roels,1125 Northwestern Avenue,Chief Design Engineer,recepcionist
494,Teresita Sprigings,6 Macpherson Place,Senior Developer,hisnik
495,Tandi Schoroder,886 Forest Crossing,Software Test Engineer IV,recepcionist
496,Laina Quinnell,9 Garrison Alley,VP Accounting,vodovodar
497,Malinde O'Scully,97 Kensington Court,Clinical Specialist,recepcionist
498,Edvard Yesson,2 Parkside Drive,Civil Engineer,cistilec
499,Kittie Quarrell,8774 Vernon Alley,Marketing Manager,recepcionist
500,Alic Tireman,47 Fuller Center,Computer Systems Analyst IV,hisnik
501,Creigh Golt,85904 Buena Vista Way,Staff Scientist,vodovodar
502,Joan Andover,57164 Westridge Parkway,VP Sales,vodovodar
503,Tasia Ragge,361 Cardinal Drive,Systems Administrator IV,recepcionist
504,Bradan Arnatt,44592 Nova Terrace,Assistant Media Planner,hisnik
505,Kathy Assender,7488 Sachtjen Junction,Electrical Engineer,cistilec
506,Jerry Bottrell,319 Jay Plaza,Structural Engineer,cistilec
507,Alphonso April,312 Clove Avenue,Editor,vodovodar
508,Carmen Buttrum,42 Village Green Avenue,Developer IV,vodovodar
509,Lek Klement,9 Roth Drive,Registered Nurse,cistilec
510,Allene Sothern,6 Mcguire Center,Nuclear Power Engineer,recepcionist
511,Eva Hamilton,3 Lunder Hill,Community Outreach Specialist,hisnik
512,Stephie Ucchino,795 Charing Cross Hill,Biostatistician I,vodovodar
513,Torr Mandeville,707 Everett Trail,Tax Accountant,hisnik
514,Derby Rawdales,94720 Buhler Park,Compensation Analyst,cistilec
515,Judy Gullan,90673 Coleman Circle,Assistant Manager,cistilec
516,Marjorie Worlock,3 Knutson Avenue,Director of Sales,vodovodar
517,Hollyanne Shoutt,32 Sherman Place,Structural Analysis Engineer,cistilec
518,Krishna Burgyn,5 Jenna Way,Structural Analysis Engineer,vodovodar
519,Gallard Chiles,7 Meadow Vale Trail,Research Nurse,vodovodar
520,Bob Danielsohn,9 Warrior Place,Account Coordinator,hisnik
521,Caressa Drew-Clifton,960 Northland Way,Health Coach I,vodovodar
522,Filbert Sinkinson,87 Mayfield Park,Clinical Specialist,cistilec
523,Rickert Hassall,6672 Transport Point,Recruiting Manager,cistilec
524,Suki Foort,9 Marquette Drive,Assistant Professor,vodovodar
525,Sianna Housin,69550 Huxley Pass,Speech Pathologist,cistilec
526,Thomas Elcum,6 Anthes Way,Human Resources Manager,hisnik
527,Wyn Lound,5362 Gale Parkway,Help Desk Technician,recepcionist
528,Kinnie Illingworth,3843 Pawling Crossing,Senior Sales Associate,vodovodar
529,Orelie Plank,7 Dovetail Circle,Account Coordinator,vodovodar
530,Weylin Wallsam,13 Ridgeway Point,Senior Cost Accountant,vodovodar
531,Yancey Emson,177 Randy Trail,VP Product Management,cistilec
532,Manolo Antognozzii,232 Waubesa Circle,Staff Scientist,vodovodar
533,Burnard Ditch,2 Cody Alley,Speech Pathologist,recepcionist
534,Mozelle Pawlaczyk,9 Westridge Point,Geologist IV,recepcionist
535,Ezekiel Peegrem,161 Mandrake Trail,Data Coordiator,vodovodar
536,Chico Davies,8107 South Pass,Pharmacist,hisnik
537,Stillman Tidgewell,0178 Vera Alley,Registered Nurse,recepcionist
538,Lena Dunbobin,6483 Nobel Avenue,Human Resources Assistant II,hisnik
539,Sarine Bottoner,7 Cambridge Park,Legal Assistant,cistilec
540,Janenna Hanvey,1449 Kinsman Circle,Research Associate,vodovodar
541,Janaye Caulton,2 Farwell Way,Design Engineer,cistilec
542,Ianthe Shawell,2 Tomscot Drive,Quality Engineer,vodovodar
543,Hillery Toffolo,88710 Steensland Avenue,General Manager,recepcionist
544,Mollee Purdon,9 Packers Lane,Project Manager,recepcionist
545,Byron Boorne,7411 Petterle Lane,Speech Pathologist,vodovodar
546,Gale Irving,3 Ruskin Trail,VP Quality Control,recepcionist
547,Felicio Ribou,577 Express Street,Senior Financial Analyst,cistilec
548,Lenna Saph,454 Dovetail Point,Internal Auditor,cistilec
549,Donielle Haydney,79 Fairview Lane,Clinical Specialist,hisnik
550,Vivian Gonzalo,40957 Tennyson Hill,Research Assistant IV,cistilec
551,Wanids Waterhous,16030 Helena Center,Research Associate,vodovodar
552,Lind Mushet,11 Talisman Parkway,VP Accounting,vodovodar
553,Ev Durtnall,43421 Jackson Way,Health Coach IV,vodovodar
554,Annabel Poleykett,97 Mifflin Terrace,Occupational Therapist,recepcionist
555,Iver Cleyne,207 Reindahl Place,Financial Advisor,cistilec
556,Gregorio Marusik,69182 Swallow Hill,Quality Control Specialist,cistilec
557,Chanda Tinkham,762 Lakewood Point,Help Desk Technician,recepcionist
558,Nat Kitchenside,5140 Carpenter Place,Marketing Assistant,cistilec
559,Roseline Tripe,440 5th Lane,Clinical Specialist,hisnik
560,Raddie Trazzi,1703 David Trail,Web Designer III,hisnik
561,Maudie Gallety,34805 Macpherson Court,Food Chemist,cistilec
562,Arlene Johannes,7 Dawn Center,Payment Adjustment Coordinator,recepcionist
563,Gaby Gilfoy,4 Briar Crest Drive,Editor,recepcionist
564,Evered Osichev,3 Meadow Valley Street,Data Coordiator,hisnik
565,Blithe Boakes,650 Wayridge Parkway,Research Assistant II,hisnik
566,Sheree Killick,52187 Continental Terrace,Tax Accountant,vodovodar
567,Olenka Salzburg,472 Russell Center,Statistician III,recepcionist
568,Kellie Firmage,825 Miller Trail,VP Product Management,hisnik
569,Ford Torritti,87754 Carey Way,Marketing Assistant,recepcionist
570,Joelly Dmtrovic,16988 Messerschmidt Junction,Chief Design Engineer,vodovodar
571,Rhea Annies,9439 Garrison Way,Software Consultant,recepcionist
572,Anatol Giorgiutti,270 Mcguire Trail,Software Test Engineer IV,recepcionist
573,Nataniel Jarrold,9 Colorado Alley,Research Associate,vodovodar
574,Winnie Madden,4 Bultman Plaza,Sales Associate,vodovodar
575,Stacee Moyce,4684 Gina Avenue,Programmer Analyst I,cistilec
576,Ximenes Wooffitt,1 Blaine Drive,Accounting Assistant I,recepcionist
577,Carleen Hillborne,45 Carpenter Hill,Human Resources Manager,vodovodar
578,Ade Huttley,444 Fallview Lane,Occupational Therapist,recepcionist
579,Rossie Keith,83316 Northwestern Park,Pharmacist,cistilec
580,Nefen Turney,28819 Kinsman Parkway,GIS Technical Architect,recepcionist
581,Monty Gaither,804 Sloan Trail,Programmer IV,hisnik
582,Anatole Kettley,55206 Schlimgen Lane,Chief Design Engineer,cistilec
583,Hollis Rittmeier,28336 Summerview Court,GIS Technical Architect,recepcionist
584,Freemon Kittow,34238 Amoth Pass,Marketing Manager,recepcionist
585,Angelique Munns,74557 Sunfield Pass,Accountant IV,cistilec
586,Natalya Befroy,51 Dahle Pass,Design Engineer,vodovodar
587,Remus Elwell,285 Green Pass,Marketing Assistant,hisnik
588,Claudelle Donovan,2 Moland Point,Pharmacist,recepcionist
589,Selina Ivashnyov,51 Dexter Place,Sales Representative,hisnik
590,Lowe Blakeman,02857 High Crossing Alley,Chemical Engineer,hisnik
591,Auroora Wellwood,3 3rd Drive,Senior Developer,recepcionist
592,Inessa Radcliffe,49 Summit Alley,Nurse Practicioner,recepcionist
593,Katy Beckles,92 Dorton Alley,VP Marketing,recepcionist
594,Clerc Fassan,0 Comanche Road,Business Systems Development Analyst,cistilec
595,Fan MacCrachen,0 Stone Corner Circle,Computer Systems Analyst I,cistilec
596,Anthe Filippozzi,7 Mayfield Alley,Structural Analysis Engineer,cistilec
597,Marris Aronoff,4578 Coolidge Center,Account Coordinator,cistilec
598,Aleen Leavold,0955 Service Road,Human Resources Manager,cistilec
599,Lem Blackston,4725 Vermont Terrace,Chief Design Engineer,vodovodar
600,Rozella Grasha,3 Acker Court,Developer III,hisnik
601,Melony Shortall,69 Vidon Lane,Teacher,recepcionist
602,Konstance Roark,976 Londonderry Drive,Operator,recepcionist
603,Liliane Castan,348 Village Hill,Assistant Media Planner,recepcionist
604,Benyamin Furmenger,8 Pine View Road,Information Systems Manager,recepcionist
605,Gwendolin Lante,8 Hoffman Trail,Web Developer IV,hisnik
606,Tiebout Passmore,0621 5th Center,Associate Professor,cistilec
607,Cymbre Ilymanov,43270 High Crossing Circle,Paralegal,hisnik
608,Nickie Costall,756 Maryland Way,VP Product Management,vodovodar
609,Giffard Sopper,59620 Luster Road,Statistician I,vodovodar
610,Elisabeth Rocca,2 Carberry Plaza,Community Outreach Specialist,vodovodar
611,Glennis Le Marchant,4364 Scoville Lane,Engineer IV,recepcionist
612,Kendall Odger,52083 Ridgeview Trail,VP Quality Control,recepcionist
613,Nickolaus Bonfield,04036 Talisman Crossing,Compensation Analyst,cistilec
614,Breanne Wharlton,3279 Vermont Plaza,Civil Engineer,vodovodar
615,Hyacinthie Beneix,3 Steensland Lane,Automation Specialist I,hisnik
616,Cahra MacArthur,8 Rieder Junction,Pharmacist,cistilec
617,Jorry Parades,0061 Declaration Center,Junior Executive,vodovodar
618,Gwennie Dottrell,5 Eagle Crest Drive,Help Desk Technician,cistilec
619,Elisa Vallery,05440 Emmet Trail,Financial Analyst,cistilec
620,Francis Keigher,1 Ryan Avenue,Sales Associate,hisnik
621,Charin Brimble,6 Dawn Road,Systems Administrator II,recepcionist
622,Jamison Arkle,195 2nd Park,VP Product Management,hisnik
623,Cornelle Timblett,2 Di Loreto Crossing,Paralegal,hisnik
624,Boycie Hanney,7586 Arrowood Drive,Nurse Practicioner,recepcionist
625,Artus Battye,0 Ronald Regan Avenue,Administrative Assistant IV,vodovodar
626,Noland Gilchriest,9 Crest Line Pass,VP Quality Control,vodovodar
627,Suki Coole,80271 Ridgeway Park,VP Product Management,vodovodar
628,Rosamond Valadez,6 Emmet Way,Mechanical Systems Engineer,recepcionist
629,Hobey Kampshell,31 Darwin Crossing,Project Manager,hisnik
630,Dale Gregorowicz,21791 2nd Junction,Human Resources Manager,cistilec
631,Rupert Wooland,85 Nobel Pass,Technical Writer,recepcionist
632,Gabrila Giffon,8863 Marcy Street,Programmer I,hisnik
633,Natale Kernell,85491 Milwaukee Alley,Structural Engineer,recepcionist
634,Mathew Gowrich,0667 Farragut Place,Operator,hisnik
635,Grier Dinan,36713 Farwell Pass,Senior Quality Engineer,vodovodar
636,Alfy Trundell,7 Grover Alley,Analog Circuit Design manager,hisnik
637,Celestyna McHardy,816 Susan Circle,Marketing Assistant,vodovodar
638,Cris Cody,231 Rusk Way,Analyst Programmer,vodovodar
639,Nathalia Biset,36581 Lyons Junction,Information Systems Manager,cistilec
640,Travers Plitz,8 Mifflin Lane,Technical Writer,cistilec
641,Kylen Dowling,79 Ohio Place,Technical Writer,cistilec
642,Jillian Brewett,5 Dwight Way,Quality Engineer,cistilec
643,Ollie Kinny,9 Browning Court,Nurse Practicioner,cistilec
644,Westbrooke Buckerfield,80300 Warbler Place,Product Engineer,recepcionist
645,Padriac De Lorenzo,8 Barby Junction,Community Outreach Specialist,vodovodar
646,Nanette Quilligan,753 Badeau Way,Geological Engineer,recepcionist
647,Rayner Dacks,4428 Buhler Place,Budget/Accounting Analyst I,vodovodar
648,Gilles Epelett,23624 Pond Pass,Geologist IV,vodovodar
649,Agnella Tapenden,7468 Iowa Drive,Occupational Therapist,hisnik
650,Boigie Liger,8481 Little Fleur Pass,Software Test Engineer III,hisnik
651,Guillema Leve,646 Independence Road,Paralegal,cistilec
652,Luciano MacNeachtain,34883 Fulton Alley,Budget/Accounting Analyst III,hisnik
653,Bjorn Stain,5831 Fordem Circle,Software Test Engineer IV,recepcionist
654,Sibelle Cuttle,36517 Waxwing Avenue,Staff Scientist,hisnik
655,Mella Cudbird,8 Crescent Oaks Crossing,Structural Analysis Engineer,vodovodar
656,Pernell Burcombe,2 Kedzie Parkway,Research Associate,recepcionist
657,Chere Erni,86 Dapin Circle,Analyst Programmer,vodovodar
658,Anabelle Worrill,494 Pennsylvania Center,Payment Adjustment Coordinator,vodovodar
659,Barnard Stansbie,57 Green Ridge Avenue,Social Worker,hisnik
660,Tommy Twede,36834 Ludington Lane,Business Systems Development Analyst,vodovodar
661,Marysa Kinch,088 Delaware Junction,Assistant Manager,recepcionist
662,Marice Timbrell,80 Sherman Avenue,Pharmacist,cistilec
663,Yul Gask,241 Cardinal Terrace,Design Engineer,hisnik
664,Miller Matten,91062 La Follette Pass,Developer I,vodovodar
665,Marti Kohnemann,771 Debra Center,Analog Circuit Design manager,recepcionist
666,Cecil Cotelard,26757 South Crossing,Senior Sales Associate,cistilec
667,Tarrah Slewcock,172 Longview Park,VP Accounting,vodovodar
668,Jami Cree,54478 Graceland Crossing,Web Developer IV,recepcionist
669,Kelby Birbeck,84 Bobwhite Park,Information Systems Manager,hisnik
670,Jsandye Lantiff,50 Michigan Alley,Account Executive,recepcionist
671,Carol Purrington,3927 Hanson Parkway,Financial Analyst,cistilec
672,Perl Isselee,4671 Trailsway Hill,Payment Adjustment Coordinator,vodovodar
673,Lisha Wilmut,05 Charing Cross Plaza,Help Desk Technician,cistilec
674,Idelle Gawn,653 Hazelcrest Hill,Statistician III,cistilec
675,Trina Castello,2 Florence Park,Marketing Manager,cistilec
676,Giacinta Halksworth,77624 Arkansas Trail,Actuary,recepcionist
677,Olive Amy,6 Gale Avenue,Recruiting Manager,hisnik
678,Zola Fritter,5100 Stoughton Circle,Accounting Assistant I,hisnik
679,Brant Ginity,501 Morning Road,Geologist IV,hisnik
680,Xenos Fitzroy,96 Welch Circle,Nurse,vodovodar
681,Glenda Bartlett,12 Hudson Parkway,Nuclear Power Engineer,hisnik
682,Maxie Roslen,75 Quincy Park,Teacher,recepcionist
683,Karla Sein,6 Cordelia Parkway,Executive Secretary,recepcionist
684,Magdalen Capron,29 Declaration Road,Programmer I,recepcionist
685,Darren Glaze,16479 Westport Parkway,Senior Developer,cistilec
686,Dani Horning,687 Clarendon Point,Senior Developer,cistilec
687,Sophi Baudoux,587 Bonner Center,VP Quality Control,cistilec
688,Melissa Khan,24483 Farmco Way,Health Coach II,recepcionist
689,Rustie Casemore,37 Portage Place,Electrical Engineer,recepcionist
690,Guendolen Swine,7249 Kennedy Trail,Media Manager IV,recepcionist
691,Kelila Dunton,7 Morning Road,Accounting Assistant III,recepcionist
692,Ashleigh Cordey,084 Independence Parkway,Structural Analysis Engineer,cistilec
693,Rafe Denecamp,64 Anzinger Trail,Chief Design Engineer,recepcionist
694,Flory Sweet,30050 Nobel Lane,Environmental Tech,hisnik
695,Rici Jolin,7355 Maywood Terrace,Accounting Assistant IV,hisnik
696,Harlin Delooze,717 Armistice Road,Safety Technician II,cistilec
697,Phillida Fant,04 Monument Terrace,Software Test Engineer III,vodovodar
698,Jessamine Stobbe,48698 Emmet Point,Engineer IV,recepcionist
699,Skye Gransden,400 Stoughton Junction,Desktop Support Technician,cistilec
700,Connor Balshaw,1924 Havey Circle,Sales Representative,recepcionist
701,Jasen Colebeck,9990 Fair Oaks Terrace,Staff Scientist,vodovodar
702,Kara Schulke,98187 Knutson Alley,Dental Hygienist,hisnik
703,Meggy Elgy,7 Bellgrove Plaza,Junior Executive,recepcionist
704,Gina Shreeve,1486 Michigan Drive,Geological Engineer,vodovodar
705,Lucie Folbige,19 Darwin Hill,Programmer I,hisnik
706,Dolly Menis,579 Westridge Pass,Media Manager II,vodovodar
707,Red Padginton,77 Colorado Junction,Physical Therapy Assistant,hisnik
708,Fletcher Matteo,3925 Springview Circle,VP Quality Control,vodovodar
709,Arch Roistone,80 Lakewood Gardens Court,VP Marketing,hisnik
710,Nickie Work,61 Morning Center,Operator,recepcionist
711,Lelah Weld,276 Lakeland Trail,Financial Advisor,hisnik
712,Salome Batchelder,50 Warrior Center,Analyst Programmer,recepcionist
713,Pauly Malitrott,48543 Maple Point,Senior Quality Engineer,cistilec
714,Alva Coraini,0202 Farmco Road,Administrative Assistant I,cistilec
715,Anthea Leggs,06 Bartelt Parkway,Dental Hygienist,vodovodar
716,Dyana Verling,22 Annamark Place,Administrative Officer,recepcionist
717,Banky Rebanks,5146 Homewood Crossing,Sales Associate,recepcionist
718,Michele Derisley,2451 Mendota Circle,Social Worker,hisnik
719,Buffy Masi,1380 Crownhardt Place,Editor,recepcionist
720,Aretha Itzhak,1 Nelson Court,Junior Executive,vodovodar
721,Derk Yarrall,44909 Sutherland Place,Budget/Accounting Analyst IV,vodovodar
722,Auguste Houseago,82814 Shopko Avenue,Database Administrator I,hisnik
723,Vincenz Casali,76524 Claremont Pass,Internal Auditor,hisnik
724,Stefania Browne,5911 Crowley Lane,Internal Auditor,cistilec
725,Britteny Bessey,1248 Cordelia Park,Physical Therapy Assistant,vodovodar
726,Vivia McMoyer,3855 Leroy Street,Help Desk Operator,hisnik
727,Riobard Hasnip,99 Jenna Street,Junior Executive,vodovodar
728,Francene Mitchenson,24 Hermina Trail,Research Associate,cistilec
729,Zelma Piper,38 High Crossing Trail,Developer III,recepcionist
730,Levy Dobkin,4888 Birchwood Lane,Recruiter,cistilec
731,Latrina Stickley,73565 Calypso Place,Analyst Programmer,hisnik
732,Ag Kingsnod,2 Hazelcrest Street,Internal Auditor,cistilec
733,Claude Cosbee,7031 Merchant Crossing,Desktop Support Technician,cistilec
734,Carmencita Chestnutt,20 Linden Hill,Assistant Professor,vodovodar
735,Meir Alp,40 Elka Plaza,Assistant Media Planner,recepcionist
736,Christal Deaves,08282 Canary Avenue,Chief Design Engineer,recepcionist
737,Roderick Partner,16 Mayfield Center,Social Worker,hisnik
738,Killie Sheers,50 Stang Crossing,Civil Engineer,cistilec
739,Nikolia Kuschke,74 Pawling Drive,Software Engineer II,recepcionist
740,Olive Tankard,994 Kinsman Drive,Geologist III,hisnik
741,Raff Zecchinii,8 Sullivan Road,Data Coordiator,hisnik
742,Kirsteni Duffett,7751 Kipling Hill,Speech Pathologist,vodovodar
743,Fanya Dutchburn,6 Prairie Rose Avenue,Community Outreach Specialist,cistilec
744,Peterus Iacomi,41882 Talmadge Parkway,Desktop Support Technician,hisnik
745,Iorgos Adlard,8216 Goodland Hill,Account Executive,recepcionist
746,Ellie Blois,58566 Dunning Parkway,Sales Representative,cistilec
747,Margalit Hancell,6241 Loftsgordon Terrace,Staff Scientist,hisnik
748,Burch Heisler,8323 Ronald Regan Street,Librarian,hisnik
749,Sidnee Reddy,9296 Northland Plaza,Legal Assistant,cistilec
750,Nichols Shieldon,2 Stang Way,Assistant Media Planner,vodovodar
751,Ardine Misk,8 Oak Valley Street,General Manager,vodovodar
752,Christoper Raymont,1 Esch Crossing,Geological Engineer,cistilec
753,Hansiain Wasson,72 Novick Plaza,Senior Financial Analyst,hisnik
754,Lezley Choat,9903 Florence Lane,Civil Engineer,vodovodar
755,Gregorius Cleugher,66 Mandrake Circle,Structural Analysis Engineer,cistilec
756,Jeannie Janodet,6658 Algoma Crossing,GIS Technical Architect,vodovodar
757,Kacy Gofford,78109 Northland Park,Research Nurse,vodovodar
758,Tawnya Cabral,886 Sutteridge Pass,VP Accounting,recepcionist
759,Henderson Mapston,4311 Towne Plaza,Office Assistant III,hisnik
760,Ceciley Pennycuick,0571 Red Cloud Street,Assistant Professor,vodovodar
761,Johannah Paviour,2038 Mifflin Road,Environmental Tech,hisnik
762,Alasdair Ceschi,0721 Hoepker Place,Project Manager,hisnik
763,Aime Gunther,408 Burrows Lane,Graphic Designer,cistilec
764,Kellby Brunon,4 Victoria Crossing,Food Chemist,cistilec
765,Robin Paddington,3004 Milwaukee Way,Research Associate,vodovodar
766,Jaye Bushen,5 Badeau Street,Nuclear Power Engineer,cistilec
767,Clea Jonin,125 Pierstorff Pass,Statistician I,recepcionist
768,Edik Harris,0 Continental Pass,Senior Financial Analyst,cistilec
769,Lorelle Ovill,00242 Oriole Center,Developer I,vodovodar
770,Iver Tandey,4767 Fairview Lane,Staff Accountant IV,cistilec
771,Arvy Neilly,802 Briar Crest Road,Biostatistician I,vodovodar
772,Gabrila Brognot,21 Mitchell Park,Human Resources Assistant IV,cistilec
773,Kandace Loughrey,76 Debra Road,Environmental Tech,recepcionist
774,Oona Gadault,13 Melby Plaza,Staff Scientist,hisnik
775,Sonny Haverson,87955 Toban Hill,Research Nurse,hisnik
776,Papagena Keyho,12664 Cascade Avenue,Junior Executive,vodovodar
777,Renell Drexel,63475 Lillian Point,Budget/Accounting Analyst I,cistilec
778,Jenni Kellitt,73 Golf Court,Graphic Designer,vodovodar
779,Husein Batten,41033 Butterfield Trail,Tax Accountant,recepcionist
780,Lauree Henke,26794 Del Mar Way,Nurse Practicioner,vodovodar
781,Benetta Maughan,4 Summit Road,Editor,hisnik
782,Roddie Whitfeld,56 Hallows Hill,Food Chemist,cistilec
783,Freeland Greetham,18540 Corry Junction,Software Engineer II,cistilec
784,Stanislas Kleimt,21446 Calypso Crossing,Human Resources Manager,vodovodar
785,Griselda Aberkirdo,1192 Declaration Way,General Manager,cistilec
786,Kellen Keeton,13551 Mcguire Plaza,Analog Circuit Design manager,recepcionist
787,Peirce Burkman,85 Eastlawn Avenue,Business Systems Development Analyst,hisnik
788,Feliks Hughson,59 Ilene Court,Data Coordiator,recepcionist
789,Worden Renac,16080 Fordem Hill,Tax Accountant,recepcionist
790,Minny Kohrt,22986 Larry Avenue,Senior Cost Accountant,recepcionist
791,Elga Hammonds,4 Dapin Park,VP Marketing,recepcionist
792,Reid Treagus,65404 Magdeline Avenue,Director of Sales,hisnik
793,Cecile Olrenshaw,69 Fulton Place,Recruiter,recepcionist
794,Sabra Yann,985 Larry Circle,Recruiter,recepcionist
795,Jaime Order,5553 Mcbride Street,Legal Assistant,cistilec
796,Moria Spurr,638 Daystar Alley,Nurse,recepcionist
797,Lorie Ormston,164 Heffernan Crossing,Assistant Professor,hisnik
798,Vania Ickovic,8075 Vera Park,Professor,cistilec
799,Haze Barnes,6 Nevada Junction,Internal Auditor,cistilec
800,Rebe Jandl,88 Monument Way,Marketing Manager,hisnik
801,Lorie Morbey,04 Hollow Ridge Alley,Budget/Accounting Analyst I,hisnik
802,Lucila Gronow,929 Rowland Parkway,Administrative Officer,recepcionist
803,Jennine Weatherburn,2 Moulton Street,Nurse,recepcionist
804,Clo Dilleston,3837 Melby Parkway,Business Systems Development Analyst,vodovodar
805,Hortensia Champkin,6 Londonderry Court,Senior Developer,vodovodar
806,Marjie Scholling,1 Old Gate Place,Accounting Assistant I,recepcionist
807,Jim Shills,93471 Monica Pass,Senior Editor,vodovodar
808,Hermine Burlay,98034 Haas Hill,Business Systems Development Analyst,recepcionist
809,Tiphany Calderhead,18153 Maple Wood Alley,Human Resources Manager,cistilec
810,Kalle Josham,9 Ridgeway Lane,Business Systems Development Analyst,recepcionist
811,Evyn Douce,8234 Hollow Ridge Crossing,Geological Engineer,cistilec
812,Maximilien Hawtrey,39 School Parkway,Actuary,recepcionist
813,Dorothea Kollasch,2 Lindbergh Junction,Systems Administrator II,hisnik
814,Winthrop Jindrak,1612 Hooker Lane,Senior Cost Accountant,hisnik
815,Burr Mudie,13837 Kenwood Terrace,Software Engineer I,cistilec
816,Karl Bahlmann,7 Moland Circle,Design Engineer,recepcionist
817,Patrica Reggio,60240 Maple Pass,Accountant IV,hisnik
818,Jamal Silmon,70 Holmberg Street,Senior Financial Analyst,cistilec
819,Carolyn Martinon,807 Vernon Circle,Professor,vodovodar
820,Mary Housin,5454 Washington Street,Project Manager,vodovodar
821,Micky Stigers,7824 High Crossing Plaza,Graphic Designer,cistilec
822,Amata O'Neal,071 Bellgrove Lane,Health Coach IV,recepcionist
823,Natalee Twomey,3675 Killdeer Way,Registered Nurse,hisnik
824,Colet Culbert,992 Morning Alley,Senior Cost Accountant,vodovodar
825,Morissa Jozsika,036 Clove Alley,Account Representative III,hisnik
826,Cissy Wratten,687 Monument Court,Research Nurse,recepcionist
827,Magdalena Downse,772 Buhler Point,Web Developer IV,cistilec
828,Noach Grishelyov,3 Russell Plaza,Physical Therapy Assistant,vodovodar
829,Tanner Toffolo,8577 Meadow Vale Junction,Accountant II,hisnik
830,Katy Swafford,16 Blue Bill Park Court,Desktop Support Technician,vodovodar
831,Tony Naismith,3317 Westerfield Crossing,Desktop Support Technician,vodovodar
832,Rolfe Craze,31601 Texas Junction,Senior Cost Accountant,vodovodar
833,Ayn Dyche,009 Ryan Crossing,Administrative Officer,cistilec
834,Lavina Milland,0 7th Avenue,Recruiter,vodovodar
835,Stefan Bruggeman,651 Dawn Park,Product Engineer,cistilec
836,Camile Dawkins,0 Mccormick Center,Nuclear Power Engineer,cistilec
837,Wandie Deakan,27 Nobel Trail,Junior Executive,hisnik
838,Ruthe Kinney,5768 Marquette Pass,Geological Engineer,cistilec
839,Betteann McMillan,3021 Oxford Terrace,Software Engineer IV,vodovodar
840,Dyna Rahl,4475 Birchwood Crossing,Graphic Designer,recepcionist
841,Teodor Daish,145 High Crossing Hill,Senior Cost Accountant,recepcionist
842,Ellswerth Eke,73740 Dakota Street,Graphic Designer,vodovodar
843,Marya O'Neill,0252 Everett Circle,Food Chemist,hisnik
844,Isabeau Wakeling,51 Elka Point,Environmental Specialist,recepcionist
845,Carmencita Gask,7 Gina Crossing,Physical Therapy Assistant,vodovodar
846,Letitia Hugh,5 Moland Lane,VP Marketing,hisnik
847,Ariel Pauli,07 Mallory Drive,Analog Circuit Design manager,cistilec
848,Chuck Muress,48 Lake View Way,Marketing Manager,hisnik
849,Gregg Lethebridge,0 Prairieview Crossing,Accounting Assistant II,recepcionist
850,Doti Dullingham,352 Reinke Center,Payment Adjustment Coordinator,cistilec
851,Lea Shann,47072 Sherman Point,General Manager,cistilec
852,Ave Bowater,63533 Mitchell Way,Software Consultant,hisnik
853,Rolfe Grayland,3177 Tony Drive,Director of Sales,hisnik
854,Seward Bruyntjes,62465 Prentice Terrace,Sales Representative,cistilec
855,Katharina Sutherel,96 Briar Crest Alley,Database Administrator III,vodovodar
856,Lindon Naile,89587 Manley Plaza,Civil Engineer,hisnik
857,Nonah Habbershon,77 Prentice Park,Programmer II,recepcionist
858,Igor Comelini,3 Eagan Hill,Quality Control Specialist,vodovodar
859,Carlin Utton,4 Talisman Street,Design Engineer,recepcionist
860,Selby Fould,10 Green Ridge Street,Social Worker,vodovodar
861,Hayward Innott,63 Straubel Road,Mechanical Systems Engineer,hisnik
862,Rosalinda Mordaunt,53327 Fairview Way,Chief Design Engineer,recepcionist
863,Jillayne Antonazzi,3869 Haas Alley,Account Representative IV,vodovodar
864,Fayth Lewer,79 Helena Parkway,Electrical Engineer,recepcionist
865,Melony Ibbison,5726 Oak Valley Court,Clinical Specialist,cistilec
866,Cleveland Gosalvez,38948 Oxford Alley,Environmental Specialist,vodovodar
867,Bernie Ronchetti,46 Warbler Point,Associate Professor,recepcionist
868,Fabiano Meir,1 Lunder Center,VP Accounting,cistilec
869,Arlen Tolumello,6 Talmadge Lane,VP Accounting,hisnik
870,Fidelity Raimbauld,3 Independence Terrace,Director of Sales,vodovodar
871,Reece Earney,77 Kedzie Hill,Teacher,vodovodar
872,Norina Bessent,22 Village Green Point,Pharmacist,cistilec
873,Boycie Housam,0451 Kennedy Trail,Occupational Therapist,cistilec
874,Malachi Escolme,8 Linden Street,Graphic Designer,cistilec
875,Corey Lowless,6628 Onsgard Lane,Marketing Assistant,cistilec
876,Thaddus Bogart,203 Bobwhite Road,Compensation Analyst,vodovodar
877,Aldwin McDonald,00 Merry Alley,Senior Financial Analyst,hisnik
878,Elbert Pragnall,3454 Schiller Way,Research Nurse,vodovodar
879,Reiko Gricewood,3341 Green Street,Sales Associate,recepcionist
880,Saxe Swatradge,4 Fremont Road,Desktop Support Technician,hisnik
881,Ronnie Walch,96858 Tennyson Trail,Electrical Engineer,vodovodar
882,Warren Checkley,3 School Way,Account Executive,vodovodar
883,Skipp Neild,19570 Spaight Drive,Budget/Accounting Analyst IV,recepcionist
884,Selby Stoakley,524 Sunnyside Pass,Assistant Manager,recepcionist
885,Madlin Mallindine,45 Laurel Point,GIS Technical Architect,hisnik
886,Chico Norster,1 Fair Oaks Parkway,Assistant Manager,vodovodar
887,Gwendolyn Disbrow,6 3rd Junction,Assistant Manager,recepcionist
888,Trudy Edkins,5877 Independence Avenue,Office Assistant IV,vodovodar
889,Silvia Bowart,455 Evergreen Avenue,Safety Technician II,recepcionist
890,Lonni Jaffray,693 Blackbird Avenue,Compensation Analyst,cistilec
891,Jackquelin Hatherleigh,61 Manufacturers Hill,Software Test Engineer IV,recepcionist
892,Trix Miskimmon,13278 Chinook Alley,Engineer II,hisnik
893,Kathrine Kobke,051 Monica Road,Staff Scientist,recepcionist
894,Eimile Jeanequin,61 Elgar Road,Social Worker,recepcionist
895,Dory Nana,53001 Utah Road,Analyst Programmer,cistilec
896,Josias Drewet,0287 Sommers Trail,Teacher,hisnik
897,Vivi Culver,7508 Glendale Street,Assistant Professor,cistilec
898,Hetti Kingham,42019 Graedel Alley,Product Engineer,hisnik
899,Tabina Arstall,5 Erie Avenue,Teacher,cistilec
900,Shelley Napthine,745 Anzinger Junction,Assistant Media Planner,hisnik
901,Alyda Pead,7 Prairieview Avenue,Associate Professor,cistilec
902,Velma Wilfing,502 Sloan Court,Human Resources Assistant I,vodovodar
903,Brit Hartlebury,08545 Paget Circle,Occupational Therapist,vodovodar
904,Normie Beddingham,26 Valley Edge Drive,Paralegal,vodovodar
905,Laurie Ausiello,8581 Weeping Birch Terrace,Information Systems Manager,recepcionist
906,Sherwood Molohan,47 Annamark Trail,Biostatistician IV,cistilec
907,Cecilius McArd,8495 Melby Road,Developer IV,hisnik
908,Bryon Hackelton,49305 Duke Junction,Staff Accountant II,cistilec
909,Bernarr Eastop,50127 Banding Alley,VP Product Management,hisnik
910,Caren Mattson,13 Forest Run Pass,Internal Auditor,hisnik
911,Loralie Dayer,05 Heffernan Trail,Information Systems Manager,hisnik
912,Andros Heathcoat,18 Eggendart Circle,Project Manager,hisnik
913,Clement Sherburn,8806 School Terrace,Sales Associate,vodovodar
914,Jackelyn Kearle,8 Bunker Hill Way,Account Coordinator,recepcionist
915,Corny Badwick,4753 Myrtle Pass,Structural Analysis Engineer,hisnik
916,Gustaf Blazevic,36130 Oak Valley Alley,Environmental Tech,vodovodar
917,Colver Crow,756 Sutherland Terrace,Human Resources Assistant I,cistilec
918,Sheena Cotherill,78 Hagan Junction,Budget/Accounting Analyst III,vodovodar
919,Vevay Venners,52 3rd Lane,Statistician II,vodovodar
920,Brennen Follitt,02 Longview Court,Recruiting Manager,recepcionist
921,Anastasie Wheal,8032 Hallows Alley,Sales Representative,hisnik
922,Morgun Lockley,1853 Bunker Hill Hill,Information Systems Manager,recepcionist
923,Maribel Owers,30 Loeprich Plaza,Associate Professor,recepcionist
924,Yulma Slocket,0014 Bowman Court,Geological Engineer,cistilec
925,Isadora Janowicz,2 Cody Road,Nurse Practicioner,vodovodar
926,Kurtis Mallord,50936 Brown Avenue,Geologist IV,cistilec
927,Jaimie Coulbeck,607 Eliot Avenue,Accounting Assistant I,recepcionist
928,Irwinn Cancellieri,329 Emmet Court,Data Coordiator,recepcionist
929,Lanita Heminsley,87 Merry Street,VP Marketing,vodovodar
930,Ruthi Ridett,381 Westridge Avenue,Assistant Media Planner,cistilec
931,Maria Cough,174 Reinke Drive,Legal Assistant,recepcionist
932,Huntley Prujean,14 Pleasure Junction,Clinical Specialist,hisnik
933,Evelyn Stroder,059 Forster Plaza,Research Nurse,hisnik
934,Theodore Pancoust,13700 Browning Trail,Help Desk Technician,vodovodar
935,Susan Stillwell,9041 Dennis Park,Quality Engineer,vodovodar
936,Bobette Jakubowicz,25538 Dovetail Terrace,Accounting Assistant II,cistilec
937,Latashia Lednor,9 Northland Hill,Assistant Media Planner,vodovodar
938,Philis Beare,21117 Shasta Point,Automation Specialist IV,vodovodar
939,Antonella Pattlel,09592 Oakridge Parkway,Sales Representative,cistilec
940,Britta Hearty,32840 Pearson Terrace,Software Consultant,hisnik
941,Vlad Prinn,39285 Stoughton Way,Programmer I,vodovodar
942,Bud Blunsom,298 Pleasure Point,Geological Engineer,hisnik
943,Maynord Aldhouse,711 Golf Course Center,Software Test Engineer I,cistilec
944,Michail Pirolini,11486 Southridge Lane,Dental Hygienist,hisnik
945,Lev Bockmaster,6 Monterey Way,VP Product Management,vodovodar
946,Laurene Hartzenberg,41 East Plaza,Associate Professor,cistilec
947,Enrico Lindblad,4738 Pawling Road,Administrative Officer,cistilec
948,Job Howling,4972 Ohio Lane,Recruiting Manager,vodovodar
949,Rosaleen Gerry,70 Scoville Alley,Project Manager,recepcionist
950,Charyl Mattersley,932 Cardinal Hill,Software Engineer I,recepcionist
951,Diane-marie Zanolli,088 Orin Way,Speech Pathologist,cistilec
952,Griff Clavering,11 Glendale Point,Civil Engineer,vodovodar
953,Cori Moody,0 Crescent Oaks Avenue,Senior Cost Accountant,hisnik
954,Drusy Bortolutti,2 Grover Alley,Business Systems Development Analyst,cistilec
955,Moll Sinderson,62 Mccormick Hill,VP Accounting,cistilec
956,Dore Baudesson,3 Banding Circle,Financial Advisor,cistilec
957,Genia Wynes,5444 Bartillon Trail,Programmer I,recepcionist
958,Hanni Westhoff,45 Tennyson Lane,Systems Administrator IV,vodovodar
959,Tris McAuliffe,71 Buell Street,Technical Writer,cistilec
960,Jacintha Hurdidge,87 Loeprich Road,Sales Representative,cistilec
961,Dunstan Sturt,0532 Bluejay Hill,Community Outreach Specialist,cistilec
962,Hadley Brobak,8590 Mayer Drive,Research Assistant III,recepcionist
963,Chelsie Rodnight,4 Red Cloud Court,Community Outreach Specialist,hisnik
964,Charlena Guye,8286 Waxwing Park,Office Assistant IV,cistilec
965,Ber D'Hooghe,0408 Maple Avenue,Electrical Engineer,recepcionist
966,Wain Biddlestone,70 Longview Terrace,Web Developer IV,vodovodar
967,Althea Aishford,88 Independence Hill,Quality Control Specialist,vodovodar
968,Enos Arthy,89 Nancy Circle,Nuclear Power Engineer,vodovodar
969,Noellyn Chaimson,709 Vera Drive,Clinical Specialist,cistilec
970,Cirillo Wartonby,639 Chinook Junction,Senior Developer,recepcionist
971,Gracie Presser,423 Blackbird Place,Research Assistant III,cistilec
972,Perle Stainburn,1998 Pleasure Drive,Geological Engineer,vodovodar
973,Rustin Finding,561 Golf Junction,Assistant Media Planner,vodovodar
974,Orelia Duester,31 Linden Park,Librarian,cistilec
975,Tana Allright,848 Ohio Lane,VP Product Management,vodovodar
976,Julia Asken,4877 Talisman Parkway,Legal Assistant,cistilec
977,Welbie Cumbridge,3 Comanche Junction,Human Resources Manager,cistilec
978,Suzanne Snoxall,9470 Lyons Place,Automation Specialist III,hisnik
979,Cristionna Reilingen,2861 Toban Pass,Human Resources Manager,vodovodar
980,Marcie Krysztofiak,0088 Sachs Way,Data Coordiator,hisnik
981,Dallis Tollerton,26739 Prairieview Lane,Graphic Designer,recepcionist
982,Kellby Counter,751 Nobel Place,VP Product Management,hisnik
983,Annalise Kearsley,974 Pine View Place,Financial Advisor,cistilec
984,Ginger Alten,06662 Lake View Circle,Technical Writer,cistilec
985,Scarface Arguile,9631 Eagan Place,Food Chemist,vodovodar
986,Berti Sheer,5771 Butternut Way,Help Desk Operator,cistilec
987,Tomaso Schiementz,8 Jana Junction,Administrative Officer,cistilec
988,Dallis Kennifeck,460 Stone Corner Lane,Registered Nurse,cistilec
989,Aldwin Cresswell,1 Saint Paul Parkway,Graphic Designer,cistilec
990,Atlanta Ponceford,579 Truax Circle,GIS Technical Architect,cistilec
991,Allys Rivallant,2 Butterfield Street,Technical Writer,vodovodar
992,Barb Olman,0879 Toban Terrace,Nuclear Power Engineer,recepcionist
993,Maitilde McCloughlin,70509 Forest Point,Help Desk Operator,cistilec
994,Nobe Luis,3 Hintze Plaza,Project Manager,hisnik
995,Hestia Hattoe,53 Glendale Way,Financial Analyst,vodovodar
996,Karyl Ellicott,66 David Park,Electrical Engineer,vodovodar
997,Gram St Angel,40 Starling Crossing,Information Systems Manager,vodovodar
998,Sabina Conachy,6529 Northland Junction,Nurse,cistilec
999,Benjamen Coughtrey,2158 Declaration Park,Business Systems Development Analyst,vodovodar
1000,Randolph Scragg,08831 Luster Way,Accounting Assistant II,recepcionist
