id,ime,naslov,bancna
1,Chrissy Beccero,72 Fieldstone Court,4041597864594
2,Basilius Marion,0 Eagan Crossing,5325778929950317
3,Everett Fiander,420 Roth Way,3558158880483603
4,Fawne Attrie,29769 Mosinee Trail,3561364995438871
5,Benita Maharg,95 Service Point,3561547080739936
6,Gilly Marven,2 Bonner Street,4041370620402347
7,Linzy Gozzard,3 Badeau Park,6390407660671498
8,De witt Callendar,43353 Fordem Alley,3554192806998331
9,Marlowe De Simone,7 5th Avenue,3587037730041321
10,Vonni Durnford,55231 Hanover Place,6762874857684877009
11,Vincenty Sulley,328 Hanson Crossing,4041595117284
12,Clo Bellini,040 Doe Crossing Plaza,3536483775393213
13,Marmaduke Valder,38 Buhler Road,4026582296311029
14,Sheppard Hagart,00 Corben Pass,675931403836859198
15,Aila Ybarra,2 Novick Park,3557343557772618
16,Bondon Coghlan,407 2nd Court,3574590150458305
17,Goran Eltringham,430 6th Plaza,4917413495004334
18,Querida Kempton,7299 Pearson Junction,5108753215221361
19,Walker Widdocks,84 Sachs Trail,493651704249256252
20,Layla Ebertz,5849 Walton Pass,3529679172721000
21,Nikolai Mackerel,79037 Old Gate Alley,3557697530555113
22,Genna Copley,8526 Meadow Ridge Point,3550549990179685
23,Joseph Layborn,20069 Larry Circle,3535410065765413
24,Jannelle Guiducci,2 Mcbride Pass,3558651252157524
25,Piotr Farnan,7 Gina Alley,374288854317632
26,Allianora Garton,9203 Warner Court,3587573597343921
27,Joice Lindemann,86 Maryland Place,3532646069201425
28,Gar Philimore,321 Hoard Avenue,4844172093986155
29,Gertrude Woodus,221 Cody Lane,3549051835969267
30,Antoine Paffot,83251 Fieldstone Alley,3534279904393062
31,Shepherd Hassard,4073 Stang Lane,3570969131480659
32,Fabe Syphus,7 Westerfield Place,5038994404819583672
33,Wallis Gard,645 Spaight Alley,3541363866650197
34,Sylvan Whebell,42 Oak Way,4041590586667134
35,Kerry Marlin,9556 Shelley Alley,5525567178261098
36,Ophelie Hambatch,18164 Bashford Street,5556004996702469
37,Nevil Draycott,6199 Hooker Park,5602256005304687
38,Randolf Coe,5 Hanover Court,5100136412232621
39,Zulema Bertrand,12723 Erie Hill,5610602714042102
40,Lilia Jamme,7 Badeau Crossing,3551041953258721
41,Whitman Woolland,1465 Manufacturers Road,676156083007743219
42,Skelly Scotson,410 Ohio Parkway,5002353552235939
43,Osbert Blazejewski,3 Declaration Hill,3570160912841687
44,Coletta Oddboy,96330 Mendota Way,3585009844255834
45,Ameline Bogies,829 Randy Alley,36634178716217
46,Huntington Bloxsom,5 Ruskin Center,3536570161947709
47,Van Broszkiewicz,8275 Monica Avenue,3578276036438135
48,Goddart Eakeley,80 Mendota Junction,5370141577484200
49,Nellie FitzGibbon,8 Blue Bill Park Hill,3532723936810694
50,Ulla Rizzotto,4 Crescent Oaks Street,060401771618547819
51,Allina Kalinowsky,77208 Dakota Hill,3529312047199190
52,Ceil D'Alwis,923 Shelley Way,5002359121590670
53,Karen Bremond,8 Hoepker Point,4844288993472367
54,Grace Lawrence,96 Coleman Street,3589707475949247
55,Tilda Nern,7506 Packers Circle,3536804739702894
56,Tabbie Fawkes,780 Sloan Park,5434140304286312
57,Paige Smowton,72 American Alley,3574217863271557
58,Marve Dudson,9 Corscot Crossing,3553552992129952
59,Tatum Costello,07 Iowa Park,3552887083891958
60,Shamus Ransley,1533 Brown Alley,50386232852869880
61,Gusty Dealey,14 Rusk Road,3562908109038768
62,Perle Voak,87 Mesta Parkway,3545631370320317
63,Chadd Walsh,92780 Artisan Way,3572173746473385
64,Janie Ruperto,2770 Toban Junction,3543396213600349
65,Alon Lennie,732 Mcbride Trail,6767729576361731
66,Weston Myrkus,8 Talmadge Court,3543538358244793
67,Rorke Cleeton,7722 Garrison Drive,5534235292160708
68,Karlie Chat,163 Magdeline Lane,4913408006117827
69,Roberta Cauderlie,4 Truax Lane,6333089307285531713
70,Briny Sinkins,216 Dakota Pass,3581948505591736
71,Onida Huddlestone,7686 Anthes Parkway,676215754278421920
72,Sayers Isgar,594 Forster Alley,4175006192806535
73,Sophi Slatcher,011 Eliot Park,677145490261673960
74,Annice Woolbrook,81560 Myrtle Road,4017953845449993
75,Osbert Gower,203 Brown Point,3540823838262539
76,Tandi Bratcher,41 Dapin Avenue,6767358979682142915
77,Gordie Axelbee,877 International Trail,201546928050953
78,Dougie Ballaam,8946 Maywood Road,5602248174309225
79,Philbert Crowdy,11929 Butternut Street,5413758517919604
80,Clovis Kloisner,5 Scott Way,340069221138112
81,Adolpho Dowtry,24 Hollow Ridge Point,5048370280796319
82,Emile Clubley,24351 Becker Hill,30117911572952
83,Abelard Garnson,0207 Bartillon Court,5602223151256046
84,Maximilian Buckell,960 Karstens Plaza,201947835049148
85,Manuel Metzing,07 Norway Maple Circle,3532400660881551
86,Vania O'Nolan,87 Eastlawn Drive,374288820301892
87,Carleton Krochmann,22456 Debs Circle,3562876134937249
88,Georgeta Moat,0064 Maple Point,3534286611259270
89,Archambault Pinkett,40 Starling Hill,3545151674558124
90,Blondelle Kadar,128 Maryland Pass,30361836287193
91,Claus Caird,94 Arrowood Street,4917127347412566
92,Cherey Shutler,89 Northridge Lane,201728928193906
93,Lennie Dyble,9154 Eastwood Crossing,3563226934624051
94,Ellwood Lanston,5189 Hoard Junction,4508655468814504
95,Blanch Buntin,68100 Duke Hill,50185339790956902
96,Lelia Keward,3371 Forest Dale Circle,0604528765496138
97,Vladamir Haggleton,84 Judy Court,5602243816307695
98,Fields Philo,8132 Tennyson Parkway,67634186921707584
99,Trefor De Pietri,07 Badeau Parkway,4041373956150
100,Henry Adamiak,8456 Nobel Trail,3550004711149500
101,Dulcy Branscombe,431 Katie Road,5108758365819708
102,Meris Minger,31625 Sycamore Way,3579579231793108
103,Caryn Alwell,0 Farwell Road,4911069401542150794
104,Asa McComb,542 Hallows Trail,3571354970617571
105,Addie Dodswell,1043 Dawn Avenue,3581321184766856
106,Darryl Ozelton,7 Reinke Crossing,3540503086981671
107,Leola Skirvin,057 Killdeer Center,201449470681426
108,Jozef Robelet,2 Golf View Parkway,3578942294780282
109,Shell Rembrant,26321 American Ash Parkway,676775585696817733
110,Torrin Cumberledge,481 Lerdahl Terrace,6331103529949562257
111,Cathy Dyhouse,3500 Clyde Gallagher Drive,3543640808009774
112,Rosetta Gwynn,0264 Stuart Plaza,5007664677832631
113,Briant Dackombe,4673 Garrison Alley,676189712135398444
114,Nicky Yeatman,66337 Nevada Alley,3558560329206406
115,Bradley Commings,37 Melvin Park,340891639049098
116,Adda Pipworth,821 Summit Parkway,3558539392568025
117,Margarita McCalister,7186 Southridge Way,3552107027215259
118,Leo Roels,7229 Stuart Hill,36714565536350
119,Tamarah Lathleiff,5 Harbort Avenue,561034917059485843
120,Pavlov Cawt,64299 Colorado Trail,3571876213295104
121,Evita Ludee,93138 Mandrake Park,5602256937550159
122,Fredric Collett,8134 Luster Point,56107393713316183
123,Gabriell Jedraszczyk,64 Russell Avenue,201489196596490
124,Avivah Armand,14517 Oakridge Alley,3563139497383702
125,Annabal Donne,51570 Carberry Terrace,3539623149148374
126,Emmett Curtain,0872 Stoughton Crossing,4917465077417383
127,Beulah Cullinane,2153 Caliangt Crossing,5507986833258277
128,Rhett Langsdon,54 Namekagon Pass,5602240259090156878
129,Asa Bartalin,28 Mandrake Hill,67636055605707582
130,Austina Trevillion,14 Old Shore Court,201566366872163
131,Kennedy Cawtheray,343 Bobwhite Way,6762637515812188438
132,Clarita Berthon,69587 Warner Pass,3562269113370519
133,Tedman Pepperd,1 1st Street,4917718427624532
134,Jacynth Trewhitt,70536 Village Park,6304253866938554340
135,Anna Galbreath,36 Del Sol Street,201657335813667
136,Susy Aslet,7 Valley Edge Circle,5366543264266194
137,Greg Grassot,15496 Talisman Pass,3553496614345572
138,Dita Choudhury,17135 Glacier Hill Road,3550882875825852
139,Launce Fronzek,87796 Jana Place,3573970787255897
140,Lothario Nanson,1503 Stone Corner Street,3574803390913686
141,Celestyna Challace,86562 Almo Street,3538608067588983
142,Freda Thirst,1062 Westridge Trail,3575572305892033
143,Gordie Colter,11001 Norway Maple Court,4911392582787975
144,Lonna Silberschatz,933 Sycamore Crossing,67592615530798592
145,Romain Standish,55 Dorton Point,3548795652911288
146,Barton Waiting,9337 Orin Hill,3583184569668602
147,Arlee Alcide,8 Maywood Place,30326722006528
148,Annmarie Toffel,90598 Crowley Park,3531278039627736
149,Heddie Woodyeare,39097 Carioca Circle,3579876434894570
150,Hali Sidwick,08716 Miller Park,3580593249356615
151,Sibylle Cattlemull,34 Rockefeller Terrace,201648384248681
152,Lief Pett,65375 Independence Pass,3541220483968511
153,Vicky Cursons,51431 Everett Center,3559720074076102
154,Alvira Curnnok,6 Lakewood Gardens Terrace,348937220266690
155,Cherry Rowlson,39 Sugar Park,4175006482317953
156,Olivette Gladstone,66140 Meadow Vale Center,5007660256437230
157,Lindsey Vigurs,30949 Autumn Leaf Way,3549293930862696
158,Lacy Admans,8231 Clarendon Park,3586226991321628
159,Emmi Blamire,181 Haas Pass,3580602725692797
160,Jaime Clowton,3 Washington Drive,3560305779365567
161,Aguie Outlaw,6192 Columbus Alley,3553495772987019
162,Shanie Aldous,86280 Dovetail Plaza,4442258989729720
163,Gib Fawdrey,214 Harper Alley,3550828631706563
164,Avrit Coggon,2 Del Sol Street,3585600374671596
165,Nicholle Bowling,59 Haas Street,6762527295512575
166,Jacquelynn Cullabine,6942 Southridge Road,676284621230178078
167,Kattie Paulig,42003 Sheridan Circle,3585433055374672
168,Kittie Spensley,2 Arizona Point,3552658895398866
169,Miguel Boorer,6260 Thompson Plaza,56022220709112254
170,Gene MacCrackan,0926 Leroy Pass,5100172480635122
171,Skylar Riddell,230 Rutledge Road,6767652033695998708
172,Darbee Dugget,46 Superior Crossing,6334456698161946717
173,Brody Veysey,246 Jenna Lane,5187539387220248
174,Slade O'Doran,1 Harper Circle,201749930029672
175,Deeann Fausch,71 Truax Hill,5038899982087926
176,Katalin Creber,3 Twin Pines Junction,5587890121834794
177,Jeno Christofides,36 Hauk Trail,6389050988677285
178,Jeremie Kedge,72 Pankratz Court,4026468929164433
179,Trenna Duro,571 Pierstorff Trail,3574681770102082
180,Diann Corns,3 Mayfield Terrace,675932214881608144
181,Nancie Piggens,22434 Spaight Street,6304569465919198216
182,Annadiane Juggins,1 Red Cloud Street,201642968012910
183,Laney Fox,76 Manitowish Alley,561050948645396144
184,Herman Huzzey,4983 Sunnyside Avenue,3570513849550435
185,Renata Lawrie,68 Oxford Point,3579599787003090
186,Greg Taig,1784 Talisman Center,3573219664794721
187,Tobe Harrington,9 Dawn Parkway,374283816726038
188,Katrinka Klyn,519 Ruskin Road,372301048132122
189,Anabella Hayley,4 Warrior Alley,3535316467992663
190,Lynde Maddie,1443 Mariners Cove Plaza,5610371390290431
191,Pace Pury,523 Glacier Hill Hill,374283618692461
192,Dorelia Corkell,648 Spenser Avenue,677151529786548339
193,Tamarah Atwater,124 Novick Avenue,5602239549143639
194,Kerri Dougher,7 Stang Pass,3586357532239654
195,Roxine MacGee,71469 Golf Crossing,3555422427654859
196,Emmeline Belverstone,78 Emmet Parkway,4913641088086508
197,Francisco Pyecroft,28796 Nobel Drive,3558657274602652
198,Jo-anne Abrahamian,237 Dawn Center,6763632463506215253
199,Gerardo Outlaw,7 Stoughton Place,3531108457797119
200,Brad Smalley,33503 Sutherland Terrace,6763463411658019019
201,Alleen Cartmale,453 Straubel Center,3567442055531027
202,Roxanne Avrasin,75 Jackson Drive,4508166259492898
203,Aline Buntin,50782 Trailsway Park,503861401035237081
204,Marita Itzkov,017 Dahle Point,3585773956564248
205,Kristofer Korneichuk,74 Norway Maple Pass,3566743421918108
206,Gallard Cundy,3480 Coleman Point,4911755498989036
207,Harriot Clayhill,4328 Barnett Junction,0604917574356411
208,George Wanklyn,881 Arapahoe Parkway,3570089721885546
209,Kendall Tadlow,16856 Hansons Road,589319645851332023
210,Eadith Gravenell,7007 Longview Junction,3550747135079279
211,Halsy Cozins,605 Corben Center,3545900399568820
212,Yorgo Kindread,7 Starling Road,3587446664416179
213,Jecho Pring,90 Dakota Center,3570874635311907
214,Rickie Ockleshaw,2 Scofield Way,5602219183171757
215,Jolynn Pasley,27 Artisan Terrace,4041378734649430
216,Dov Brown,5 Bowman Point,676794264935657493
217,Percy Sheraton,526 High Crossing Parkway,3578776291612456
218,Adrian Sargood,172 Russell Way,3535185014410473
219,Georgine Caskie,45374 Prairie Rose Park,6759735279736228
220,Cammy Gomersal,48090 Valley Edge Circle,6761978079297944
221,Eddi Painter,3 Browning Pass,6304383480089531
222,Alina Maddocks,115 Westerfield Crossing,4026604724362869
223,Burr Snelman,50 Victoria Way,5602212210036366
224,Wynne Tewnion,39090 Armistice Hill,5602229095727588
225,Ingeborg Dayce,02387 Vidon Point,3544858513012441
226,Maure Brackstone,9826 Armistice Circle,3570956830657869
227,Barbara-anne Jedrzejewicz,82470 Monterey Avenue,4026381361588516
228,Mitchell Barrable,1397 Darwin Pass,3576420045158829
229,Bail Hawse,74421 Monica Way,36116909950133
230,Alyda Smylie,887 Rusk Hill,3538060769437764
231,Carny Piet,84553 Anzinger Trail,3549066594915244
232,Ertha Whyberd,8 Jenifer Point,3528046096422027
233,Gray Combe,509 Warner Lane,4017950525212519
234,Archambault Ebsworth,6 Orin Plaza,3574269966352727
235,Page Sweedland,59503 Sage Terrace,378504322940813
236,Talbot Baldree,6 Sachtjen Terrace,3588375828698100
237,Gustave Brasner,89 Reinke Terrace,5610905665126422
238,Lu Rosewall,0044 Artisan Drive,3534039588654324
239,Christabella Wilderspoon,05 Drewry Drive,3575477909267675
240,Remus Emons,90 Village Pass,5602257037144588
241,Gwynne Lantiffe,763 Stoughton Drive,3565616258033749
242,Aggi Grigoryov,2 Longview Hill,3538791095110531
243,Sybyl Syfax,80073 Larry Trail,3560221347677609
244,Cody Eassom,48 Melby Court,3531690990161770
245,Kit Norvell,356 Del Sol Court,4905457435362418859
246,Stefano McDavitt,290 Golden Leaf Court,201766752187354
247,Claresta Ottey,73 Red Cloud Pass,5602213834823718
248,Reginald Houlden,43684 Maple Wood Circle,6395489844463096
249,Jase McTeggart,4167 Springs Plaza,3583349429678089
250,Sherye Leveret,517 Hudson Avenue,5100135847085000
251,Kore Rampley,749 Jenna Pass,5569609600682132
252,Gussi Vooght,0371 Linden Center,5048379153830691
253,Duff Gonneau,602 Heffernan Road,36665064428517
254,Efren McCerery,1270 Mccormick Park,3545041189891369
255,Dionysus Arangy,31 Express Trail,30003297085118
256,Dannie Aldren,1 Loftsgordon Pass,3542976688911254
257,Graehme Entissle,67 Gateway Center,56022163863315547
258,Sheri Stot,8264 Darwin Way,374622835656884
259,Darb Gingle,0223 Springview Pass,5504333243717803
260,Carmelina MacAlinden,87 Atwood Point,6759828480327503347
261,Clarisse O'Kinedy,7 Grasskamp Lane,3576608173709526
262,Willey Shulver,9216 Ilene Park,3585069175288317
263,Claudelle Sillito,093 Cody Junction,3534995979049632
264,Verney Grzegorek,7 Glendale Parkway,3576160024817132
265,Josh Picton,67 Northfield Trail,3555650537479599
266,Merle Sears,8 Mcguire Junction,3568191666653865
267,Burl Ginsie,4526 Pennsylvania Crossing,3537778943985553
268,Staffard Ramel,5524 Roth Park,3566738800925815
269,Alexis Dunphie,33 Hooker Park,4175003014486273
270,Sergeant Dionisetto,1 Fuller Point,30496127130379
271,Dusty Vedekhov,975 Jay Lane,3584180650305020
272,Ilaire Wigginton,70910 Pine View Street,676792742203783788
273,Rosemarie O'Day,9 Golf Course Point,30053848546050
274,Brady Venny,89 Saint Paul Junction,3584063665506826
275,Gibbie Somerton,297 Pawling Park,6384360508603264
276,Kora Offield,44450 Bluejay Trail,3573584117949176
277,Marilee Darcey,2595 Hoard Avenue,5449897408953989
278,Roana Freak,7 Lerdahl Circle,5100148634090232
279,Obadiah Commuzzo,1495 Arapahoe Circle,3589812298012072
280,Gabie Springthorpe,8 Eagan Court,5108758115352711
281,Jyoti Winn,77 Fair Oaks Road,633346196682382103
282,Elvis Branwhite,6492 Magdeline Terrace,6399305811581213
283,Meg Lavelle,23 Del Sol Place,501825347138513259
284,Ediva Haggath,02 Morningstar Crossing,5589264674025366
285,Bonnibelle Mapstone,6 Towne Alley,5602235797320382
286,Arie Maidens,9024 La Follette Pass,5602228039400245
287,Norean Tow,7 1st Drive,6387076333814077
288,Zorine Stallard,4 Del Sol Crossing,3564840967232845
289,Augustine Cowpland,50603 Fuller Circle,6371997758172238
290,Etan Burgan,4062 Swallow Terrace,3577937612984930
291,Fee Benjamin,650 Karstens Crossing,3545873004188732
292,Courtnay Badam,800 Di Loreto Trail,201735761058906
293,Jody Frawley,37 Namekagon Pass,633426311610989290
294,Patrick Lagen,11635 Texas Point,3579418792980715
295,Juana McKew,61555 Chive Street,630466088278679051
296,Dory Trawin,5164 Logan Street,3529793329403527
297,Morgen Klich,25 La Follette Center,3569711712627610
298,Archie Pascow,6425 Mesta Trail,633110355663186776
299,Juan Duckinfield,38 Forest Dale Street,5108757741467703
300,Barrie Nicklinson,0 Bonner Hill,4041596714568540
301,Diane Toomey,009 Judy Crossing,5020612687697893
302,Marylinda Fforde,84061 Crescent Oaks Point,5108750488166380
303,Zoe Vaudrey,9 Burning Wood Way,3549315412224457
304,Andie Cockshot,1 Armistice Alley,560222237516022541
305,Sherwynd Burke,160 Prairie Rose Junction,374288863001359
306,Cristian Silversmidt,86 Comanche Way,564182545072346157
307,Iona Oriel,580 Prairieview Circle,564182075872010738
308,Jaquelyn Gippes,7486 Linden Center,5100179312598261
309,Melodee Connick,5 Sachtjen Park,6767400288351938936
310,Afton Smallshaw,04 Welch Place,3552207742611343
311,Cordell Pashba,965 Darwin Circle,3536540089863411
312,Kellyann Bartozzi,012 Toban Street,5007669050390651
313,Ruthanne Berni,79 Shopko Circle,6762888013596229
314,Gaylene Durber,87034 Katie Street,5602251856158662
315,Madelle Glowacz,95 Anzinger Avenue,6331106513621054
316,Erhard Farrington,6 Truax Alley,4405454961357490
317,Cyndy Yankishin,01 Onsgard Trail,3530665220652260
318,Asa Tristram,31218 Rowland Court,3566261691683591
319,Marline Heigho,9 Ramsey Hill,4844405995048884
320,Rhianon Commings,003 Moland Crossing,6763095477591980
321,Barbabra de Mullett,1918 Rigney Center,3567223041455442
322,Letizia Dewing,03965 Meadow Vale Junction,3538427234859452
323,Trescha Yegorkov,372 Talmadge Alley,3583054067058319
324,Derril Callear,135 Cascade Plaza,4017953948565422
325,Danyelle Pitrollo,766 Sunbrook Crossing,3561653745464843
326,Quint Brehault,82421 Artisan Lane,3584465978664129
327,Mathew Flower,4451 Buena Vista Trail,3579077616579168
328,Yoshiko Late,8961 Lakeland Court,374283484013677
329,Evelyn Yarrall,26695 Fieldstone Circle,3571762892074947
330,Filip D'Alwis,77 Badeau Trail,5048375269634530
331,Odessa Edsell,88075 Di Loreto Center,5602216849533438
332,Kettie Ayrs,87328 Cody Parkway,201538209110366
333,Evelyn Phillip,67 High Crossing Avenue,3589959773403852
334,Alasteir Arnull,737 Green Center,5172453460180260
335,Chester Attwill,15 Paget Circle,3571616520710423
336,Brandise Lines,64992 Mccormick Center,5602221283034919
337,Wallis McGaw,11 Green Court,5602224896494455222
338,Raffaello Adelberg,849 Center Junction,6331102005272553503
339,Maximilian Sherbrook,149 Calypso Plaza,630422730621248935
340,Ashla De Vaar,1 Maple Place,6333947404486823981
341,Kenton Durnin,4976 Tennessee Lane,677146762362907078
342,Carilyn Sturm,4 Almo Crossing,374283582174132
343,Zorina Ilden,631 Bartillon Hill,374283488911389
344,Danice Armall,0 West Point,3589744409128259
345,Jasmine Tofts,8227 Anderson Drive,630496148985468109
346,Demetrius Steuart,3140 Pankratz Center,5100179705645935
347,Elke Pinilla,15 Bunting Park,5427338965675299
348,Cortie Kain,37930 American Ash Hill,3566965160430744
349,Sonya Panner,4622 Almo Junction,4405005308478124
350,Lambert Matushevich,04 Thompson Crossing,6397639635224259
351,Stuart MacKnocker,24 Spaight Court,3538886266592465
352,Hortensia Josefsen,335 Marcy Trail,372301561375520
353,Ripley Erley,5289 Goodland Road,4913585351348303
354,Ingaberg Feaviour,6 Golf Course Place,3556335150341925
355,Terry Kelner,369 Everett Circle,5581063518081587
356,Patric Cockrem,621 Lunder Avenue,3570324779688496
357,Emylee Sollner,17333 Cottonwood Parkway,3541205520611414
358,Sidonia Weeke,877 Reindahl Alley,3551450079837757
359,Michel Bowcher,5628 Bunker Hill Court,3558107402333853
360,Filia Rames,3754 Fair Oaks Court,6371840890723155
361,Terrill Ellaman,873 East Road,6771372604298171
362,Jere Penhaligon,7525 Center Park,63043620260538188
363,Taylor Balsdone,75 Portage Circle,3574807692293762
364,Danit Lunge,2860 Armistice Road,0604665291769842
365,Jordan McCarron,09 Boyd Avenue,67635572883561151
366,Celene Brackpool,775 Talmadge Road,5108759582401296
367,Catlin Sheers,78237 Parkside Trail,5570550751855878
368,Kiley Fear,234 Mendota Circle,3579796031853839
369,Obie Costell,8 Mosinee Trail,3528626699261961
370,Zane Scotfurth,6 Ilene Court,6395278225464595
371,Tara Anstee,16 Graedel Court,374288165887901
372,Alastair Stother,7583 Kinsman Center,5020329970722011
373,Thedrick Malin,54814 Evergreen Pass,3589104546177521
374,Baily Jelley,42 Truax Crossing,5219180267397129
375,Leila McDarmid,32 Bluestem Place,3566145409078030
376,Liliane Darridon,69 Thackeray Hill,3546370846002576
377,Denyse Routledge,1064 Maywood Way,3545627688510078
378,Shanan Glamart,16428 Fulton Alley,3548597068339231
379,Jillie Jeremaes,818 Karstens Court,3585329738487701
380,Louis Cod,50 Sommers Point,3586162272314836
381,Rosabella Mollin,374 Sheridan Place,6304930561833318
382,Jennie Ruff,297 Mallard Center,3537801934182327
383,Darb Shelliday,5668 Mandrake Avenue,560223840101886524
384,Babita Ciccarello,4 John Wall Hill,6767889981655000
385,Lauritz Wardhough,217 Petterle Avenue,201794892886008
386,Cheston Folder,08 Melrose Drive,30134513636226
387,Rhonda Hentzeler,06 Sloan Point,3566098997293778
388,Rebeca Handrek,49 Maple Wood Hill,67638091633904279
389,Donella Dallender,04 Carpenter Lane,5641823516653591673
390,Kittie Joontjes,8 Loomis Park,4905626197239713658
391,Bell Tilliards,839 David Road,5602233874769936
392,Foster Blanque,84 Elgar Crossing,6763326484057511
393,Pate Cadman,3 Marcy Court,5602235304268439
394,Donny Jaukovic,6 Monument Alley,3533701429100491
395,Conroy Escalante,00307 Green Way,3585585643801696
396,Ganny Draisey,15 Kinsman Lane,3545826037350588
397,Christye Baillie,0071 Mariners Cove Street,564182222663938673
398,Dianne Bristo,58622 Shopko Drive,3585567943398094
399,Stella Devita,18 Moland Parkway,4017956376552
400,Thatcher Splain,5 Utah Center,5100142610052258
401,Vittoria Beebee,79764 Oxford Plaza,3571641924915212
402,Channa Warmisham,902 Hauk Hill,5602233544321084
403,Flem Dowears,7 Dorton Center,201458103392194
404,Damaris Mabbe,310 Carpenter Alley,3558908084458359
405,Minerva Benedicte,395 Melby Road,3537577465416447
406,Michale MacDougal,38590 Atwood Park,4026318276423389
407,Hinze Wollrauch,59900 Bunting Street,490350339523445873
408,Ivy Antonijevic,6777 Dawn Court,201750197126409
409,Masha Durden,5054 Stone Corner Pass,6394170514543950
410,Freddy Sterke,4 High Crossing Junction,3530201181817252
411,Christoph Ebdin,5 Monica Plaza,3541145002298829
412,Ashien Spellissy,943 Gulseth Street,3533116454251483
413,Sly Astlet,83 Petterle Terrace,6334747321584931807
414,Isiahi Besset,28 Moland Way,6380340217128070
415,Bastien Gulleford,3593 Lakeland Avenue,3572849235645670
416,Vito De La Cote,75 Arrowood Street,4905229335656768554
417,Nataline Di Domenico,1 Miller Junction,3542065119441477
418,Marline Kenaway,57866 Nevada Hill,30265623511790
419,Debi Gynni,9466 Redwing Court,5602226803870932
420,Melli Kivlehan,193 Carioca Place,3540078143055603
421,Ethel Sergean,97207 Meadow Ridge Park,4905355171853050
422,Fletcher Dobey,263 Shopko Alley,201672025061378
423,Onfre Dearl,29 Washington Trail,67599328830696614
424,Johnathon Longforth,5093 3rd Road,676288714799550468
425,Osbert Enns,47 Blaine Park,3548011579190968
426,Quent Steffans,84421 Cody Place,5893378150206257
427,Lutero Oakeby,38 Bartillon Way,374283733767537
428,Astrid Matyashev,61 Little Fleur Place,3533773443196060
429,Lombard Stelle,9 Utah Trail,3540530628878933
430,Jordan Pinhorn,09298 Northwestern Avenue,3538507574604632
431,Waylen Kemston,06880 Cordelia Hill,201696153862695
432,Iolanthe Leversuch,8 Roxbury Road,30261451403838
433,Kirby MacNockater,5 Talmadge Parkway,675949892872087112
434,Shaine Gonneau,75 David Court,201517908692882
435,Decca Raiker,865 Northview Lane,4041379553639205
436,Leontyne Linnard,7157 Corscot Lane,6333368820872626
437,Walker Girodias,6919 Golf Course Hill,4936490087821074
438,Freida Witcherley,02 Jay Point,4903676382770618029
439,Juli Dugall,0190 Moulton Street,3553252329744074
440,Mallissa Kamen,4350 Rigney Alley,67719128608519237
441,Thane Duckinfield,009 Maple Park,3561490416927117
442,Roger Alastair,3579 South Plaza,201417947440536
443,Nikki De Bellis,5530 Jenna Alley,3532719423775119
444,Cathe Lattka,6 Lighthouse Bay Crossing,6771007364353279873
445,Sheryl Calam,28 Meadow Ridge Crossing,30389502105795
446,Lynnette Staniforth,18595 Cottonwood Crossing,4041598027005202
447,Emelda Kirwin,35156 Karstens Plaza,3539303401974862
448,Ariella Ducket,70 Welch Pass,6334474592642243216
449,Robbi Seleway,853 Jenifer Parkway,5602210958771103
450,Welch Enevold,23691 Mendota Circle,6383876074013894
451,Adora Beals,35893 Sommers Junction,370037648868259
452,Marlon Larcier,0037 Stone Corner Crossing,3534926744007936
453,Dulcy Jepps,873 Stang Drive,374288638257880
454,Marian Brockett,81 Lotheville Place,3584480299056319
455,Braden McMains,0 Roth Plaza,3584328174836067
456,Evania Larkby,64 Karstens Drive,3554508390124002
457,Minna Kellington,96 Kropf Plaza,3542452424766527
458,Anita Balm,639 Drewry Trail,201467830452254
459,Joelly Baudet,887 Transport Point,3555883906804614
460,Jennette Mathevon,76697 Orin Street,5610909634377363
461,Gideon Local,825 Towne Park,5018310791581723
462,Ninnetta Cauthra,37007 Drewry Lane,4917700816520919
463,Bay Reston,09 American Ash Circle,3577175873848888
464,Melanie Keesman,6960 Duke Trail,5020985703872926
465,Christy Pouton,00628 Erie Way,3579995189730852
466,Arabela Millhill,6127 Judy Center,201996671397814
467,Padraig Ewens,38952 Bluejay Lane,3579976756588741
468,Klarrisa Matchitt,3 Mariners Cove Lane,3547303533233047
469,Yardley Reading,79 Cambridge Crossing,6767750610517856
470,Samuel Damsell,2618 Sundown Street,3578403926601180
471,Lucretia Loughney,5632 Onsgard Circle,564182866156392440
472,Abbe Peasey,89 Northwestern Alley,3560449468997171
473,Erin Wozencraft,18 Luster Street,67096557333068453
474,Rahal Wiggin,1062 Ruskin Road,6392467253352003
475,Orly Windeatt,13 Pawling Crossing,5434003383380796
476,Jerrome Azam,1354 Beilfuss Junction,3559528807041545
477,Lena Otridge,8914 Sutteridge Road,5114211584480961
478,Brett Morena,02 Buell Circle,4697390457160666
479,Chadwick Akester,27 Dawn Lane,5602214420413799
480,Levin Audley,15633 Melvin Trail,3575603222793374
481,Terry Baroc,72 Johnson Place,3545523028883046
482,Lin Grimolbie,297 Maple Wood Hill,3575720041041536
483,Fitzgerald Cottey,4070 Nevada Point,3555640775332527
484,Sigfrid Elam,8242 Birchwood Road,3580727510669096
485,Valentine Joney,86 Everett Crossing,6759095064684552455
486,Michele Debney,471 Continental Center,340869384616121
487,Bambi Beardmore,8 Mitchell Center,6771242973163191
488,Karla Breslau,86 Golden Leaf Parkway,337941837593747
489,Lise Gwynn,050 Bayside Crossing,3566880559621144
490,Jeromy Adamo,2284 La Follette Plaza,3570978571637066
491,Catrina Shayler,82980 Petterle Street,30132280168639
492,Rochella Dwight,0 Corben Lane,3578224968199093
493,Karlotte Markus,69881 Schurz Center,5010126459613055
494,Mallissa Haws,5 Bay Center,5589652861197271
495,Lexy McClintock,3327 Thackeray Hill,5002358088086342
496,Sonnnie Wickes,0 Nobel Trail,5038988137305300759
497,Ben Brenstuhl,438 Pepper Wood Point,6761611242371859638
498,Clayson Sussams,78878 Arapahoe Street,676702849175253341
499,Filberto Karus,281 Havey Lane,3533385128375990
500,Irvin Parlett,67 Harbort Court,374288533829163
501,Clio Ber,11 Morning Terrace,670993010034435238
502,Almeta Kruszelnicki,55949 Charing Cross Center,3588672616454013
503,Darrel Cundict,17984 Ramsey Junction,560224783695931836
504,Eliza Dormon,45494 Crest Line Plaza,5602234773203313810
505,Meade Pole,8 Anhalt Center,3542585622630365
506,Sher Obal,28 Kingsford Court,30332022027198
507,Jilly Leist,4 Clemons Pass,5325656855268799
508,Margalit Harman,32 Heath Avenue,5038685090987137005
509,Roxy Foucard,20 Prentice Parkway,3538754745864915
510,Alphonse Semble,99872 Fairfield Way,3531651624802841
511,Mercy Rozea,776 Charing Cross Pass,6762150315818110
512,Orlando Lemmens,174 Dovetail Circle,201956469783310
513,Abigael Godfree,9 Truax Alley,6398641637719772
514,Katha Perello,111 Ohio Park,3538074756494498
515,Moria Thurston,67875 Oxford Trail,3582001956198681
516,Cherie Blaymires,4 Nobel Lane,5108759578632870
517,Marlon Girkin,663 Arapahoe Terrace,3577120587348577
518,Barbey Fisbburne,665 Crest Line Way,3538404683514441
519,Gaby Mussalli,017 Starling Lane,3543212883404419
520,Jackie MacCafferky,451 Scott Terrace,3554642043252025
521,Harv McKeney,44 Hermina Alley,3561915360125367
522,Christal Darkott,0 Manufacturers Alley,3534510213342907
523,Willie Swain,2597 Clyde Gallagher Court,30369781266476
524,Ricky Jenoure,14 Pine View Alley,3541881499904194
525,Eryn Girardeau,779 Erie Hill,5007662578597899
526,Horatius Doohey,39160 Meadow Vale Center,677172885722375129
527,Caz Teaz,9 Blaine Road,589379191887207530
528,Jeniffer Leidl,2322 Killdeer Point,374288290876589
529,Jard Cash,63303 Nevada Junction,3573761934755164
530,Valida Benton,202 Monica Way,3562487160302124
531,Teirtza Rogeon,7356 Golf Course Street,5100146700124661
532,Alphonso Joslin,39563 Monica Center,6767710324917421151
533,Jodi Johnston,824 Carberry Junction,372301580877514
534,Nikolaus Winterbottom,82 Logan Trail,560225023051333007
535,Hurlee O'Scollee,626 Anzinger Road,6771409905339658
536,Antoinette Trevains,1 Shopko Plaza,3550950681248625
537,Lyndsay McRobbie,25 Randy Trail,3578917265209180
538,Urson Manthroppe,525 Corry Crossing,374622616118419
539,Carola Hatchett,6811 Pawling Avenue,4917882146809277
540,Ashien McGirr,59851 High Crossing Terrace,3546916753535154
541,Jackie Bemand,828 Arkansas Avenue,67626359027952269
542,Mitchell Sproson,19029 Waxwing Point,3564032928725022
543,Corney Smallridge,02782 Karstens Street,3549759680204016
544,Gwyneth Gladdis,719 Spohn Avenue,3587737478713797
545,Jamie Santarelli,6058 Killdeer Point,50202841121258410
546,Yanaton Chilvers,970 Lakeland Avenue,5278052042170618
547,Olin Marrows,8632 Vermont Way,5352567458069482
548,Rand Beekmann,34 Marquette Crossing,5443361353486541
549,Garner Lorking,87 Towne Street,3556092760636794
550,Ashien Gauge,44 5th Lane,6771202440192264
551,Tallie Lashbrook,14264 Knutson Road,3529327458307058
552,Eddy de Amaya,77074 International Point,201685122620722
553,Syman Pulster,7052 South Avenue,3571290729788810
554,Martino Elgy,24 Hazelcrest Way,30240329498980
555,Kaylee Fair,666 Leroy Terrace,490593589610443051
556,Gareth Kerfod,29907 Jenifer Court,3570528727475174
557,Lindsey Olenchenko,95 Gale Pass,3540089828948780
558,Lennie McCrostie,41307 Northwestern Street,337941053305099
559,Felix Whitewood,0 Katie Junction,5038261785447955605
560,Pete Sappy,99012 School Trail,564182567015812004
561,Lanette Fenlon,69 Barby Circle,3533756310257859
562,Aeriela Buckthought,821 Emmet Court,676722572261100376
563,Ross Castano,22512 Gina Trail,3582441806558686
564,Garwin Bawden,9963 Dottie Street,4405746099304199
565,Lulita Danieli,370 Lien Hill,3552328845852095
566,Rhianna Burchett,8251 Fair Oaks Way,3551266591142033
567,Ring Knowlman,5 Michigan Lane,3551143171712792
568,Godfrey Matissoff,66 Dakota Point,3538701818468496
569,Roberto Chaves,68474 Hermina Avenue,3549220105912832
570,Carla Speerman,765 Texas Avenue,3530292954336885
571,Nina Scay,904 Fuller Trail,5048374007990205
572,Maridel Burgiss,83 Mcguire Crossing,3531251156911720
573,Tootsie Flatt,1 Hoffman Crossing,3547189169191496
574,Quintina Partridge,01 Macpherson Circle,633110838126509619
575,Helena Kerfoot,8607 Stephen Plaza,6374477465238520
576,Rowland Sheircliffe,96 Onsgard Lane,3532942448813265
577,Merrili Topaz,9964 Colorado Alley,3588118201592361
578,Barrie Lyven,77899 Coolidge Center,5108757785608873
579,Nataniel Allkins,260 Birchwood Hill,6767537524004231147
580,Misha Monkhouse,9349 1st Center,3541297302592565
581,Dennet Rennles,85528 Sugar Crossing,201468803643853
582,Lauree Bilbee,72630 Knutson Park,5002356038501535
583,Maurits Dearlove,668 Twin Pines Plaza,376885412036121
584,Hubey Aspenlon,0 New Castle Avenue,5468789043962143
585,Shaine Toohey,059 Grover Park,3534903897626143
586,Georgy Jameson,31 Kennedy Hill,670612955864526152
587,Pyotr Boulds,947 Fieldstone Junction,3541266987303770
588,Harmonia Farnell,39 Sachtjen Point,560221113149525773
589,Brandais Shadfourth,43 Old Gate Drive,3548426886521566
590,Eunice Fursey,7 Montana Court,5602231818271514
591,Karol Bridgeland,0649 Bobwhite Avenue,6304324694810213
592,Tammi Ridgewell,22174 Eagan Circle,372301232265126
593,Kienan Kelsey,320 Monterey Drive,3563200319911482
594,Marthe Matthis,7 Bluestem Junction,5020506219060994
595,Iggie Frammingham,097 Bowman Way,374622524788170
596,Annabella Figgen,818 Twin Pines Place,5596426129337727
597,Christiane Summerton,5896 Emmet Terrace,3536552532318521
598,Gianni Tarr,6616 Cottonwood Street,633328292590195562
599,Donni Joerning,650 Maryland Pass,3587824419018203
600,Oren Hitscher,02644 Barby Way,5641826640601823231
601,Randal Foynes,4047 Marcy Center,347210099210285
602,Conrad Bus,348 Summerview Court,5602248888777790
603,Darn Salway,903 Onsgard Avenue,5120965290505492
604,Thaddeus Danielkiewicz,53990 Butterfield Avenue,374283384459699
605,Redd Towle,42238 Sheridan Center,30242945073247
606,Nolly Slayford,6554 Anhalt Trail,50183616612919966
607,Mandel Gwilliams,4 Twin Pines Plaza,3577869749591728
608,Dorolice Farnill,25 Golden Leaf Street,5466669177485222
609,Lovell Dorking,1 Anthes Plaza,5602230573426057
610,Phebe De Roos,10467 Menomonie Pass,3566097745194411
611,Addia Goodered,3 Stang Plaza,3536691254722880
612,Zollie Jaukovic,50259 Mandrake Crossing,3578097356428203
613,Daphne Echlin,474 Badeau Circle,3579465327565321
614,Farlee Lenden,5 Spohn Avenue,4917375763917556
615,Jill Liger,9154 Erie Plaza,4917486440675663
616,Erastus Slayford,69 Waxwing Terrace,3588488658920591
617,Crichton Skurm,7815 Sunbrook Point,3550381682686128
618,Doroteya Grinishin,6911 Sugar Terrace,5445926197369448
619,Isidora Swinn,298 Grim Way,3548753826723022
620,Lynda Mapp,9 Columbus Hill,677125983302880283
621,Reginald Stebbings,1 Bluestem Trail,5602226195352135
622,Nanni Dragonette,35349 Troy Parkway,372301882199369
623,Josiah Tomkinson,894 Pennsylvania Avenue,3583578736481874
624,Brandyn Carmont,34 Mallard Road,56022428453236910
625,Costa Trodden,52789 Morning Drive,3567023900238081
626,Carolyne Grocutt,9 Schlimgen Place,374622352440472
627,Alix Kalker,145 Sauthoff Way,5602223152645981
628,Merissa Tedahl,15 Aberg Way,5602239859588811356
629,Nerti Crebo,39958 Delladonna Lane,633312627583923249
630,Hillel Petrozzi,650 Farwell Hill,3576760755640304
631,Gregoor Yeudall,10 Rutledge Street,6762041054374910666
632,Hermon Poulglais,71 Hoepker Circle,5602214812959359
633,Petr Simister,64 Clemons Parkway,3536309652974785
634,Lizzie Petersen,5 Menomonie Alley,4026855427336754
635,Allie Slidders,73 Fairview Lane,4041370237455
636,Janetta McGrouther,3294 Anhalt Crossing,3584102036869180
637,Leon Nunnerley,175 Cardinal Circle,491161164271532814
638,Oswell Morphey,2 Nelson Parkway,3580295992715548
639,Jerrylee Lowre,8 Texas Junction,3542393831267701
640,Loren Dunsmore,94 Lakeland Parkway,36202092021898
641,Quintina Wathan,11 Longview Center,3540812702310797
642,Camey McCloughlin,057 Farwell Avenue,3549822119990017
643,Madlen Hakes,9 Fairfield Park,6385511482289319
644,Natalina Northen,399 Northland Court,501839198662266119
645,Seward Cready,915 Cordelia Terrace,4936188897530347669
646,Shell Daskiewicz,88 Annamark Park,3563516332619608
647,Karol Thomas,6289 Mariners Cove Plaza,3562397827842828
648,Lucius Dyet,86 Buena Vista Point,374288969821189
649,Delcina Gull,77208 Luster Pass,5048376675055039
650,Talbot Huckel,6587 7th Place,3540155557649921
651,Rowe Panner,807 Spohn Park,4026074028991955
652,Stu Veelers,877 Manitowish Center,3568526218331611
653,Cherry Jzak,349 Fairfield Park,3577643381838873
654,Jens Beglin,87 Debs Lane,5375555984392182
655,Killian De Atta,225 Village Green Place,5010127598542890
656,Curt Orringe,28 Transport Circle,3529274898389207
657,Terese Seger,53 Vermont Pass,3588316642502862
658,Phoebe Chilvers,5 Superior Center,3559981868370776
659,Eugenia Rickson,172 Grover Pass,3535598602799018
660,Garret Esparza,82 La Follette Hill,201683695307124
661,Marijn Marley,65 West Drive,5100147100138186
662,Sioux Eagar,1967 Kropf Street,3586020341254286
663,Robinett Bonnavant,1372 Dottie Park,560222316159861835
664,Kirsteni Absolom,51039 Riverside Drive,3560610812736892
665,Florinda Micka,56825 Chinook Place,5100134296510519
666,Tamiko Ullyatt,7 Norway Maple Avenue,30066721422876
667,Poul Cuddehy,67 Ramsey Crossing,67629613639045665
668,Mildrid Blanpein,612 Florence Alley,6372522037585825
669,Shelley Rigney,2 Northridge Hill,3559488085035604
670,Alexina Shory,2 Bunker Hill Hill,3577387250348925
671,Bartholomew Greguol,32663 Badeau Place,3568637708443301
672,Gertrud Haining,43 Grover Plaza,561021396118361169
673,Leupold Pickvance,948 Russell Lane,4041591814264
674,Wendel Pettinger,7 Kenwood Drive,3550155454773334
675,Gilly Aldrich,13 Aberg Court,3581876714006263
676,Petey Handy,405 Jana Way,560225968754696359
677,Byrle Deluze,9733 Corscot Center,3560911408489858
678,Loria Barca,42076 Welch Court,67625189077520638
679,Valerie Shilvock,16134 Buhler Plaza,3561766748595502
680,Felecia Donaway,5047 Washington Trail,5602246864177464
681,Agace Stainson,74 Anhalt Drive,374622919173095
682,Rosette Oxborough,8 Montana Court,3550050881783032
683,Rubia Timson,41254 Valley Edge Terrace,3584641019082840
684,Moll Dimbleby,5 Manitowish Pass,3576699021383846
685,Sherwin Newcomen,15712 Kinsman Place,6370514779282267
686,Fee Orteau,9 Saint Paul Point,3532289491209888
687,Josiah Cockett,0342 Washington Center,4041372440347
688,Joyous McGurk,10 Anzinger Alley,6384713175210575
689,Beniamino Deveraux,58 Lukken Court,5108751108451160
690,Onida MacCaughey,9255 Continental Place,6767482198179822
691,Bat Tranckle,29 Chinook Plaza,3544087581806654
692,Noll Szymanek,78 Hoepker Place,30190944043283
693,Vasili Ebhardt,512 Sunbrook Drive,3536804773935392
694,Prentice Clarabut,3 Washington Place,490349504348766142
695,Zoe Anfusso,1 Manufacturers Point,3568314065375639
696,Murdoch Tapsell,2 Petterle Hill,30548900162696
697,Carey Hawkin,66 Talmadge Park,3580927279798934
698,Torr Danilovitch,951 Artisan Trail,6399271180863931
699,Christian Andreia,09466 Myrtle Center,676747581032100228
700,Barbabra Detoile,4 Pankratz Lane,3568264739012920
701,Terrel M'Chirrie,10895 Trailsway Way,3583994917801741
702,Moishe Pigford,032 Mandrake Trail,5299928332145607
703,Sharleen Bilton,2850 Buhler Lane,6762747893549692
704,Kendell Clowney,8 Lillian Crossing,3538221230664044
705,Shena Ould,621 Nobel Trail,4913942711371618
706,Mohandas Ilive,47910 John Wall Street,3550999723826963
707,Glyn Cess,2590 Maryland Place,3546051958606962
708,Nadean Blenkinship,70 Sunnyside Court,5100141089794572
709,Guenna Laing,37 Hooker Circle,4911321149139024
710,Sidney Grinval,596 Red Cloud Way,3579599755041882
711,Danny Amoss,78 Chinook Place,3572682015705939
712,Opaline Mitkin,82 Commercial Park,6709805874049045
713,Letti Toffoloni,7076 Texas Street,3588581996806090
714,Marcellus Kubasiewicz,18399 Sauthoff Drive,3580049487304791
715,Serene Posnett,1 Randy Parkway,4405597007733429
716,Mina Spitaro,0 Grover Pass,6763476285321010
717,Kiersten Viste,02 Marcy Street,4405331940183686
718,Caddric Lennon,18 Glacier Hill Road,5610954188680838
719,Wallie Colnet,91920 Reindahl Center,5520984850411153
720,Roselle Hubble,6 Delladonna Circle,3568171638478708
721,Catlee Foxten,93753 Bashford Pass,3572925151010725
722,Fons Kisbee,296 Anthes Lane,201647627401131
723,Clarette Batrip,30914 Talisman Crossing,3571504252619758
724,Blanca Schapiro,127 Almo Drive,3587822364262610
725,Dunn Ashpole,411 Beilfuss Hill,3560759389415909
726,Sela Vye,9484 Gina Trail,3541387254928881
727,Mommy Vise,5756 Twin Pines Point,4844260224814204
728,Emmie Hembrow,7 Donald Terrace,3541439310891627
729,Korella Keble,368 Waywood Avenue,3536082496996120
730,Nerte Winks,5 Glendale Hill,56105331232554548
731,Sayers Godspede,308 Lakewood Place,3583646809616427
732,Archambault Pashler,1 Weeping Birch Drive,3564759351661916
733,Arel Menezes,6 Pankratz Drive,3560572910386352
734,Gayle Biagini,1150 Gateway Center,30226824691450
735,Jacquenetta Rannigan,79461 Clemons Circle,3540928077742131
736,Cad Mellsop,85 Dexter Trail,501844326987636160
737,Allene Garie,6 Sutteridge Park,6762622338315469552
738,Othilia Ballaam,72310 Petterle Hill,67061035868701468
739,Dugald McAlister,6184 John Wall Court,201803404730636
740,Pearce Kinney,998 Larry Alley,3564158874641010
741,Jacquelyn Dabney,36 Lyons Terrace,3589060278516981
742,Rebeca Pittel,26384 Independence Way,3576250976786110
743,Nessy Delgardo,866 Ilene Hill,5002355707956202
744,Valry Southern,24687 Delladonna Court,3551562123582831
745,Mercedes Tzuker,1 Homewood Plaza,30228031591960
746,Estrellita McKirton,9115 Walton Avenue,30232540831420
747,Claire Toffoletto,21491 Lighthouse Bay Alley,3573528427739504
748,Rorie Armor,963 Packers Terrace,3545022281110486
749,Ronny Agronski,3231 Weeping Birch Center,5038503661239068576
750,Bron Swyndley,40 Pleasure Terrace,3532350471086918
751,Arin Spark,997 Dwight Park,3541084895034134
752,Myron Sheraton,5383 Orin Street,5007661174633124
753,Mufinella Brack,08770 David Pass,5465020536472033
754,Jule Robbert,65 Fieldstone Place,3574980201247031
755,Parrnell Knightley,617 Fairview Circle,6371145145995107
756,Marcille Maplesden,7 Melby Alley,3534760420414532
757,Frankie Tredget,650 Rutledge Court,560225591473432128
758,Missy Warters,9548 Grim Court,4913681804330921
759,Danyette Jeyes,3 Darwin Plaza,5100134909006962
760,Almeda Tomaszkiewicz,95049 Monica Parkway,4017957481434417
761,Ursola Caldecourt,89671 Sunnyside Lane,3557951363159943
762,Ludovika Canero,1602 Tomscot Terrace,6706486994974066
763,Ermengarde Cowthart,5583 Dennis Court,6331100656393167
764,Randolph Page,75 Duke Plaza,5100143502855857
765,Baxy Slate,4170 Dottie Drive,3547590821926676
766,Cass Gouly,7 Bellgrove Park,6384410363458153
767,Marco Sime,06 Red Cloud Parkway,4917320465279988
768,Yancey Alton,7 Hollow Ridge Point,5018583483714794633
769,De witt Holson,0561 International Park,670918093389803335
770,Clement Benettelli,81 Holmberg Alley,374622483369681
771,Karon Gladwell,59 Namekagon Circle,3529065799430839
772,Paxon Plowman,68511 Florence Hill,3563333028873675
773,Noel Ratley,6858 Gulseth Crossing,3550722872511974
774,Maude Lilleman,0957 Lakewood Court,3586798235394777
775,Alexio Ramas,6 Springs Circle,4017950777110
776,Annabela Tattershaw,3500 Jenifer Crossing,3541661825274425
777,Dorrie Ballchin,2676 Graceland Junction,3579879013735982
778,Nicoli MacSporran,6514 Lawn Drive,490588483353906507
779,Betteann Trinbey,77 Almo Avenue,3585760833935436
780,Adrianna Lippitt,90092 David Plaza,3532341348203729
781,Adda Sallier,701 Hayes Junction,3573105472133998
782,Row Puttick,64 Vidon Terrace,201973746701601
783,Dusty Walczynski,5445 Hauk Drive,374283983126277
784,Marlow Antoniak,1582 Mallory Plaza,340919692384654
785,Gerrilee Kettle,432 Eastwood Terrace,3589229871366793
786,Bryn Artrick,779 Delladonna Park,374622478456964
787,Reba Brisson,5 Cordelia Drive,3582718640207939
788,Taryn Costley,355 Declaration Park,3572232834728157
789,Johna Lowre,66 Center Road,5100173134260564
790,Laughton Parminter,731 Mifflin Junction,5275789759071223
791,Fidole Lant,5 Surrey Street,3569585264618148
792,Camella Hanbidge,76859 Lindbergh Terrace,5602225212244986
793,Kelly Orhrt,7189 Springview Point,3538347292217486
794,Kirby Dane,112 Mcbride Pass,201854783036194
795,Cairistiona Wincom,6679 Kinsman Hill,3538380208418898
796,Trip Buckmaster,168 Scott Terrace,5100140680475995
797,Dido Auguste,99 Hauk Parkway,6771444350583542
798,Perry Victory,258 Blackbird Point,3543509532260005
799,Verge McMearty,42 Esker Plaza,4903081418617031767
800,Yovonnda Joyes,07 3rd Parkway,5602242626868391
801,Burl Capron,6 Golf View Place,4844172942426189
802,Kial Maddams,742 Lakewood Trail,3551744798978284
803,Morgan Kuhlen,2582 Green Ridge Place,4041373483828186
804,Doug Laise,9 Bashford Street,378119057591515
805,Barbara-anne Timpany,24 Mosinee Place,3561512189604399
806,Vin Deville,43 Lakewood Gardens Street,3564170599700252
807,Diandra Grunbaum,18 Burrows Court,67096413281569607
808,Dalton Battle,66 Grasskamp Court,3581247653666360
809,Britteny Cornelleau,408 Charing Cross Point,4913603523829827
810,Constance Learoyde,2851 Armistice Avenue,3575837340484918
811,Baillie Scriven,1780 Lotheville Avenue,6759863906943245463
812,Patrica Chipp,93675 Gale Street,5108752090143492
813,Sherye Ouldcott,7 Burrows Point,3546136944597431
814,Maudie Allan,935 Sundown Avenue,5002353781020326
815,Ware Weems,075 Dennis Road,3546307606007643
816,Stephannie Walcar,0 Macpherson Drive,3536432477778312
817,Thomasine Keene,9 Bluestem Trail,3541364724249925
818,Antonin Pablos,3 Pond Drive,345268398243904
819,Kalila D'Acth,344 Badeau Street,676376783272855432
820,Joelie Vogt,85931 Starling Junction,3549581330920308
821,Hans Scrivin,14 Rockefeller Circle,5602237370882226
822,Samara Parsley,95 Fieldstone Park,3530967044833435
823,Sula Delacroix,827 Meadow Vale Way,3576373645817908
824,Tate Harry,18 Crescent Oaks Hill,3530238842159997
825,Lissy Ivanishin,4 Basil Plaza,3587751130294468
826,Royal Moralis,4185 Northview Circle,490546421771351998
827,Lazarus Ceresa,817 Burning Wood Trail,30400436365585
828,Harriet Camm,77 Northview Street,3533933348061609
829,Morrie Reynish,117 Maple Street,3584517009131625
830,Cordell O'Donegan,1961 Northland Park,3529062471691788
831,Priscilla Standall,65 Arkansas Street,3536268756066775
832,Obadiah Setterthwait,98393 Hooker Way,4041592252746
833,Benedicto Eul,2 Roxbury Avenue,5100133486634238
834,Eugenius Yakobowitch,88648 Sutherland Trail,0604543221150260
835,Whittaker Staneland,28 Pankratz Avenue,36206803826107
836,Cary Lamacraft,77644 Hoffman Place,5602254035296510
837,Kelsey Staples,0 Rockefeller Street,3573203888051142
838,Bevon Sign,100 Coolidge Road,4913929139059396
839,Imelda Jervois,7062 Service Center,5002350867462703
840,Hewitt Nail,940 Bluestem Crossing,3566420973333370
841,Marin Mucklestone,5047 Dennis Center,56106024990956828
842,Christine Lawee,56308 Magdeline Road,3571426410998132
843,Alfonso Cutteridge,682 Holy Cross Lane,3537011199253199
844,Walt Kilbourne,0 Donald Drive,6759050739519820
845,Manuel Reubens,87473 Sutteridge Street,3549874416186526
846,Eli Pummery,2764 Stang Junction,3582426832879107
847,Stephi Baylis,9 Buena Vista Hill,56022227377776369
848,Dav Caldera,3155 Reindahl Junction,3536770280941266
849,Rozalie Minty,76349 South Parkway,3548580545652905
850,Mirilla Wordley,5 Carberry Drive,374283425956976
851,Electra Andreou,513 Oak Valley Point,3558119398611325
852,Tripp Isoldi,006 Dunning Avenue,6767552197978803009
853,Crista Suscens,67 Cambridge Trail,374288763208211
854,Carmon Benedetti,86399 Vernon Street,3539931137659611
855,Lisetta Doeg,9 Colorado Terrace,50189566880297468
856,Kev Nucciotti,02827 Hazelcrest Plaza,560222946745521343
857,Lewiss Robken,4 Surrey Avenue,5602217479264898
858,Chanda Stiff,971 Memorial Plaza,3552916319921154
859,Catherina Harback,3 Longview Point,4917373863661125
860,Reagen Larraway,1661 Bobwhite Avenue,5602222214600695
861,Gaylor Sherer,31 Old Gate Crossing,4905105382176490664
862,Scotty Ellissen,9285 Cherokee Point,0604487608608286
863,Edward Cranmer,6 Buell Court,3571786094145205
864,Giorgi Maffi,0354 Forest Dale Parkway,3536812963203182
865,Carlyn Angood,40121 Mitchell Avenue,3564416160039996
866,Jaime Astling,641 Dexter Court,4911606973541878989
867,Blaire Hasluck,9406 Sherman Place,560221541325746716
868,Lorne Oldfield-Cherry,08 Oak Valley Trail,3530730841333201
869,Bruis Larder,58827 Loomis Way,67618688263394756
870,Natale Leather,34 Victoria Park,3554388824873239
871,Michal Posselow,686 Scoville Trail,344720653922565
872,Meggy O'Conor,85153 Oakridge Pass,3534383568493265
873,Edythe Leithgoe,52 Michigan Crossing,6761372019655913821
874,Rube Wenger,19 Melby Hill,5100135774220828
875,Karna Sheavills,1286 Burning Wood Street,3548785159477958
876,Gauthier Harlock,9271 Buhler Road,50381081372712822
877,Enrika Spawforth,17 Menomonie Court,4508416490088611
878,Lavinie Simchenko,66 Glacier Hill Crossing,3542664799405743
879,Dionne Tayspell,1 Goodland Alley,3578366301378510
880,Felice Francey,3 Cardinal Park,67099469991800416
881,Janenna Breitling,2 Starling Road,3532138518115315
882,Jerad Rzehor,7764 Heath Park,3541260472021567
883,Dianna Kinzel,0912 Merrick Terrace,491191363454543895
884,Nikaniki Sainthill,9 Prairieview Lane,374283152660825
885,Bride Younger,28057 Monument Street,560225613248369268
886,Gustave Benoix,51 Mifflin Avenue,4041376224986
887,Mechelle Caddens,5618 Gerald Avenue,3575406640846356
888,Gerek Gosart,3 Melrose Avenue,5383030864945582
889,Winston Dumigan,2 South Street,5108756774837147
890,Celine Caplen,827 North Plaza,6391569249339530
891,Manfred Ruste,5115 Nevada Park,340075641064143
892,Stoddard Linggard,430 John Wall Crossing,63048387695095169
893,Talya Pannett,1 Northridge Pass,3547403553675521
894,Jorrie Hamber,78539 Dunning Plaza,6386698844954281
895,Tobie Calderonello,39287 Park Meadow Point,30268194283831
896,Ninette Manske,29 Sunfield Place,3534953837005544
897,Evanne Campo,2 Bluestem Plaza,201919562000164
898,Natale Watkiss,1 Hallows Alley,490301962591838099
899,Lucia Iltchev,14 Springs Street,3532799734351859
900,Kendra Pampling,64031 Bunker Hill Terrace,3580219433557160
901,Frasquito Novkovic,6147 Sachs Crossing,5491306934422516
902,Nonna Chason,067 Granby Plaza,5195219637390907
903,Roseann Sydes,607 Rusk Place,3534871515741430
904,Reese O'Sullivan,5 Bunting Court,676150987103906577
905,Alyssa Aharoni,87 Meadow Ridge Terrace,3572848289177358
906,Vite Gilhouley,34 Pearson Road,3551889476597698
907,Kendall Myall,9 Becker Drive,374288550990567
908,Brig Smidmoor,20213 Messerschmidt Avenue,4917291067178136
909,Farlee Andrew,16152 Mesta Road,4017950966056425
910,Wren Kyrkeman,4902 Fairview Lane,3528889049904132
911,Sadye Hestrop,74195 Sutherland Trail,3565148438945220
912,Kate Crutchley,8149 Lyons Alley,3588954010199950
913,Cathi Monnelly,9466 Riverside Center,201821152522237
914,Toiboid Lipprose,36 Schlimgen Trail,3543184572954840
915,Nap Sprulls,4 Vidon Drive,374622845631182
916,Essy Scamp,2867 Coolidge Drive,5339059102068464
917,Maia Digginson,35 Bluejay Court,374288398806157
918,Kathi Wannes,133 Barby Alley,5048372086551492
919,Marlee Titterell,758 Superior Road,630401974989705558
920,Vaughn Eaklee,473 Huxley Hill,3583035847795635
921,Griffy Lukianov,6609 Nancy Trail,3563388991085152
922,Price Adamiec,278 Hooker Terrace,30410416095508
923,Lina Fortune,4 Pearson Way,3552244288743842
924,Ikey Moston,143 Cherokee Lane,670690508173985752
925,Vaclav Sambiedge,9173 Shoshone Crossing,348631849206944
926,Orazio Crowcroft,90 Grover Hill,5641828499799501689
927,Sybil Ofer,87555 Butternut Crossing,3570149071495682
928,Kippy Euesden,73 Shasta Circle,5602216723805407
929,Thane Pache,0 Onsgard Crossing,4913247792052412
930,Blithe Serck,049 Dorton Junction,30149977684348
931,Rania Dongate,2 Thackeray Crossing,3529756091437981
932,Donnie Beedham,78 Thierer Lane,4460795277687232
933,Claire Theodoris,5 Kim Lane,3554845995923341
934,Bryce McGoldrick,95 Miller Center,58939429983613519
935,Bertine Plaide,1538 Bashford Terrace,3588187011697850
936,Rex O'Hegertie,81 Hagan Crossing,3568195869229266
937,Rebeka Simpson,8 Briar Crest Junction,3580910791486162
938,Meridel Offord,656 Melby Trail,6374553748610683
939,Dode De Malchar,7 Dexter Road,3540317253857048
940,Amby Elder,2 Eggendart Point,3537663927162496
941,Caril Tidd,5 Annamark Parkway,3580560821913477
942,Fanni Straine,56 Gale Drive,6334449965538328
943,Galen Coit,04899 Lawn Pass,060414848820881767
944,Octavia Necolds,3148 Stuart Pass,564182718832089777
945,Tillie Cowely,670 Boyd Street,3552992471062616
946,Candra Zellick,40 Waubesa Hill,201507997535621
947,Pacorro Verrico,04 International Pass,201790811246043
948,Myrna Linggood,06 Schiller Parkway,3565982068260710
949,Barby Fuente,554 Northwestern Terrace,3577909156886482
950,Alane Abramchik,284 Upham Junction,4017950371401
951,Fields Tremethack,25 Oakridge Trail,493641472464858607
952,Ginny Dearden,29816 Spaight Point,3555852287940008
953,Rodina Chazelle,9 Gale Crossing,4017954641338
954,Agustin Serfati,8 Oak Road,3579912977105668
955,Ernestine Evelyn,10823 Hoepker Terrace,3536379208627625
956,Orrin Elia,778 Vera Court,5100146846899978
957,Lindi MacNucator,491 Golf Alley,5183926186465708
958,Alecia Lindsey,203 Armistice Avenue,30369564495466
959,Graeme Hackleton,6995 Pennsylvania Circle,5007666964256416
960,Alano Ridsdole,3 Holmberg Junction,3558405243018497
961,Cordie Polle,0 Claremont Center,3531240990912036
962,Jill Weeds,0372 Lyons Pass,201623035957386
963,Lance Thirwell,913 Atwood Lane,4041377736061
964,Freddie Klosges,6599 Dennis Alley,3534413347818753
965,Rosanne Whimpenny,169 Cambridge Circle,5007668022673699
966,Florri Bangs,31726 Victoria Hill,3572043983423643
967,Franny Georgelin,49229 Bonner Drive,501886048407901128
968,Ashby Shenfish,7643 Westend Court,502052187258774261
969,Sula Grace,8904 Ludington Hill,3562241400764092
970,Sunny Seint,0 Heffernan Alley,201873257353364
971,Leia McHale,51052 Grasskamp Street,5100175895708509
972,Gib Thatcham,2350 Trailsway Pass,30578739174653
973,Brittany Ovendon,2559 Gerald Alley,3536137388973973
974,Vale Muzzlewhite,49 Donald Road,3533768379047881
975,Berti Jaffray,1671 Oriole Circle,676136505787058959
976,Fernandina Pearn,3 Chinook Court,67632988641959193
977,Ken Bassam,73840 Schmedeman Crossing,589385844299659084
978,Minnnie Linger,36 Bashford Place,30436442073292
979,Latia Hanaby,64431 Bellgrove Avenue,4041378909611611
980,Anya Ponten,931 Glacier Hill Circle,3565819649186404
981,Nester Simoni,58940 Mcguire Street,676700394496235877
982,Nero Gheorghie,47 Hovde Pass,5285243195152211
983,Malia Tissiman,664 Myrtle Terrace,3571578819555069
984,Laurie Dignall,2966 Elka Avenue,5100145234508332
985,Rebekkah Crosio,2181 Gerald Parkway,3587227017330543
986,Ceil Urian,6878 Maywood Road,5010121543502422
987,Faydra Addess,34106 Hayes Center,50208316251525684
988,Claybourne Hedley,2 Stoughton Center,3528698490985528
989,Moe Dedmam,1 Oneill Park,3560757490001253
990,Jammie Haizelden,3085 Steensland Road,4275794425608963
991,Carri Matiebe,51636 Doe Crossing Point,4917581013192482
992,Vernon Dormer,79 Annamark Junction,4041591265509
993,Dietrich Hartill,735 Kenwood Circle,5111298779471189
994,Neysa Peak,418 Gateway Lane,5602211261517696
995,Domini Major,82735 Southridge Circle,3589431064452972
996,Glen Le febre,76537 Sunbrook Pass,633110991473579576
997,Dominick Copas,55228 Dapin Lane,3545849168675870
998,Fanni Besantie,999 Warner Street,5602213271028201
999,Eunice Brydell,91047 Bartillon Crossing,30080597012133
1000,Janna Mackrell,0875 Old Shore Alley,3565144740183238
